snapshot_id,event_id,district,lat,lon,label,lead_hours,month,day_of_year,humidity_spike_3h,humidity_spike_6h,humidity_max,pressure_drop_3h,pressure_drop_6h,precip_rate_max_mm_hr,precip_total_mm,precip_acceleration,cloud_cover_max_pct,wind_gust_max_ms,humidity_pressure_interaction,elevation_m
E01_L0,E01,Shimla,31.1048,77.1734,1,0,8,226,-0.3100000000000023,-0.3100000000000023,100.0,-0.0100000000000051,-0.2600000000000051,2.2,-2471153.29,-98314.04,100.0,5.85,0.0806000000000021,2195.0
E01_L3,E01,Shimla,31.1048,77.1734,1,3,8,225,-0.0499999999999971,0.7800000000000011,100.0,-0.25,-0.2399999999999948,2.2,-2175530.57,98921.65,100.0,5.85,-0.1871999999999962,2195.0
E01_L6,E01,Shimla,31.1048,77.1734,1,6,8,225,6.219999999999999,11.049999999999995,100.0,0.0100000000000051,0.0999999999999943,2.2,-1879116.86,-98872.38,100.0,5.85,1.104999999999937,2195.0
E01_L9,E01,Shimla,31.1048,77.1734,1,9,8,225,2.5900000000000034,4.75,100.0,0.0899999999999892,0.1099999999999994,2.2,-1582545.54,98761.13000000002,100.0,5.85,0.5224999999999973,2195.0
E02_L0,E02,Solan,30.9045,77.0967,1,0,8,226,-1.3100000000000025,-0.3100000000000023,99.0,-0.0100000000000051,-0.2600000000000051,4.0,-2471156.1900000004,-98311.14,100.0,5.85,0.0806000000000021,1460.0
E02_L3,E02,Solan,30.9045,77.0967,1,3,8,225,-0.0499999999999971,0.7800000000000011,99.0,-0.25,-0.2399999999999948,2.5,-2175538.37,98920.75,100.0,5.85,-0.1871999999999962,1460.0
E02_L6,E02,Solan,30.9045,77.0967,1,6,8,225,7.219999999999999,11.049999999999995,99.0,0.0100000000000051,0.0999999999999943,2.5,-1879124.56,-98872.58,100.0,5.85,1.104999999999937,1460.0
E02_L9,E02,Solan,30.9045,77.0967,1,9,8,225,2.5900000000000034,4.75,99.0,0.0899999999999892,0.1099999999999994,2.5,-1582552.84,98761.73000000004,100.0,5.85,0.5224999999999973,1460.0
E03_L0,E03,Mandi,31.708,76.9318,1,0,8,225,2.430000000000007,0.0600000000000022,99.28,0.1099999999999994,0.0400000000000062,0.7,-2471701.42,-98970.56,100.0,6.49,0.0024000000000004,764.0
E03_L3,E03,Mandi,31.708,76.9318,1,3,8,224,0.2700000000000102,1.2000000000000028,99.28,-0.0699999999999931,-0.0300000000000011,0.7,-2175202.96,98885.38,100.0,6.49,-0.0360000000000014,764.0
E03_L6,E03,Mandi,31.708,76.9318,1,6,8,224,23.17,9.269999999999996,99.28,0.039999999999992,0.2299999999999897,0.7,-1878843.48,-98867.03,100.0,6.49,2.1320999999999044,764.0
E03_L9,E03,Mandi,31.708,76.9318,1,9,8,224,2.3599999999999994,4.160000000000011,99.28,0.1899999999999977,0.3100000000000023,0.7,-1582265.87,98772.16,100.0,6.49,1.2896000000000127,764.0
E04_L0,E04,Kinnaur,31.4167,78.2667,1,0,6,163,-5.409999999999997,-4.849999999999994,100.0,0.0999999999999943,0.039999999999992,1.3,-2474978.05,-98999.94,100.0,4.75,-0.1939999999999611,2612.0
E04_L3,E04,Kinnaur,31.4167,78.2667,1,3,6,162,-0.2300000000000039,8.86,100.0,-0.0600000000000022,-0.0999999999999943,1.3,-2177978.41,98999.65999999996,100.0,4.75,-0.8859999999999496,2612.0
E04_L6,E04,Kinnaur,31.4167,78.2667,1,6,6,162,17.58,19.18,100.0,-0.039999999999992,0.0600000000000022,1.3,-1880979.11,-99001.24,100.0,4.75,1.1508000000000431,2612.0
E04_L9,E04,Kinnaur,31.4167,78.2667,1,9,6,162,4.550000000000011,6.240000000000009,100.0,0.0999999999999943,0.1899999999999977,1.3,-1583982.11,98997.60000000002,100.0,4.75,1.1855999999999876,2612.0
E05_L0,E05,Kullu,31.5333,77.6167,1,0,7,213,-3.989999999999995,-5.989999999999995,100.0,0.0500000000000113,-0.0799999999999983,4.4,-2474324.3800000004,-99009.47,100.0,3.95,0.4791999999999893,3332.0
E05_L3,E05,Kullu,31.5333,77.6167,1,3,7,212,0.0,1.6400000000000006,100.0,-0.1300000000000096,-0.2000000000000028,4.4,-2177396.63,98905.0,100.0,3.95,-0.3280000000000048,3332.0
E05_L6,E05,Kullu,31.5333,77.6167,1,6,7,212,11.36,17.769999999999996,100.0,-0.0699999999999931,0.0700000000000073,4.4,-1880624.79,-98932.41,100.0,3.95,1.243900000000131,3332.0
E05_L9,E05,Kullu,31.5333,77.6167,1,9,7,212,5.3700000000000045,4.8700000000000045,100.0,0.1400000000000005,0.2399999999999948,4.4,-1583794.3199999998,98993.27000000002,100.0,3.95,1.168799999999976,3332.0
E06_L0,E06,Mandi,31.79,76.96,1,0,7,213,4.390000000000001,-1.2800000000000011,100.0,0.019999999999996,-0.0999999999999943,2.1,-2472831.49,-99005.47999999998,100.0,4.19,0.1279999999999928,1472.0
E06_L3,E06,Mandi,31.79,76.96,1,3,7,212,-1.86,-2.3299999999999983,100.0,-0.1199999999999903,-0.1899999999999977,2.1,-2176279.37,98813.65,100.0,4.19,0.4426999999999944,1472.0
E06_L6,E06,Mandi,31.79,76.96,1,6,7,212,17.0,11.670000000000002,100.0,-0.0700000000000073,0.059999999999988,2.1,-1879966.46,-98729.44,100.0,4.19,0.7001999999998608,1472.0
E06_L9,E06,Mandi,31.79,76.96,1,9,7,212,1.5999999999999943,3.6899999999999977,100.0,0.1299999999999954,0.2900000000000062,2.1,-1583491.56,98882.43,100.0,4.19,1.0701000000000225,1472.0
E07_L0,E07,Shimla,31.452,77.633,1,0,7,213,-0.9899999999999948,-5.989999999999995,100.0,0.0500000000000113,-0.0799999999999983,16.0,-2474291.7800000003,-99009.06999999998,100.0,3.95,0.4791999999999893,941.0
E07_L3,E07,Shimla,31.452,77.633,1,3,7,212,0.0,1.6400000000000006,100.0,-0.1300000000000096,-0.2000000000000028,16.0,-2177365.63,98906.6,100.0,3.95,-0.3280000000000048,941.0
E07_L6,E07,Shimla,31.452,77.633,1,6,7,212,15.36,17.769999999999996,100.0,-0.0699999999999931,0.0700000000000073,16.0,-1880595.79,-98933.61,100.0,3.95,1.243900000000131,941.0
E07_L9,E07,Shimla,31.452,77.633,1,9,7,212,5.3700000000000045,4.8700000000000045,100.0,0.1400000000000005,0.2399999999999948,16.0,-1583766.52,98993.87000000002,100.0,3.95,1.168799999999976,941.0
E08_L0,E08,Kullu,32.1167,77.3333,1,0,8,214,8.0,0.0,100.0,0.0899999999999963,0.0499999999999971,1.2,-2474427.1100000003,-98990.81000000004,100.0,5.28,0.0,3324.0
E08_L3,E08,Kullu,32.1167,77.3333,1,3,7,213,0.0,0.6400000000000006,100.0,-0.0399999999999991,0.0499999999999971,1.0,-2177493.86,99002.17,100.0,5.28,0.0319999999999982,3324.0
E08_L6,E08,Kullu,32.1167,77.3333,1,6,7,213,21.36,10.679999999999993,99.36,0.0899999999999963,0.2999999999999971,0.5,-1880544.73,-98999.12,100.0,5.28,3.203999999999968,3324.0
E08_L9,E08,Kullu,32.1167,77.3333,1,9,7,213,4.970000000000013,10.790000000000006,94.0,0.2100000000000008,0.2700000000000031,0.2,-1583615.77,98957.92,99.0,5.28,2.9133000000000355,3324.0
E09_L0,E09,Kullu,31.5333,77.6167,1,0,5,144,20.989999999999995,3.0,79.0,-0.0,-0.0700000000000073,1.6,-2474996.0,-99000.0,94.0,6.1,-0.2100000000000221,3332.0
E09_L3,E09,Kullu,31.5333,77.6167,1,3,5,143,-0.9699999999999988,2.4099999999999966,79.0,-0.0700000000000073,-0.0799999999999983,1.6,-2177996.0,99000.0,94.0,6.1,-0.1927999999999956,3332.0
E09_L6,E09,Kullu,31.5333,77.6167,1,6,5,143,16.58,27.42,75.0,-0.0099999999999909,0.0799999999999983,1.6,-1880996.0,-99001.0,94.0,6.1,2.1935999999999534,3332.0
E09_L9,E09,Kullu,31.5333,77.6167,1,9,5,143,1.4399999999999975,6.319999999999993,71.0,0.0899999999999892,0.1799999999999926,1.6,-1583997.0,98998.8,94.0,6.1,1.137599999999952,3332.0
E10_L0,E10,Kullu,31.7667,77.3333,1,0,6,175,0.0,0.0,100.0,0.0700000000000002,-0.0,1.2,-2474652.5900000003,-98992.08,100.0,4.8,-0.0,1872.0
E10_L3,E10,Kullu,31.7667,77.3333,1,3,6,174,0.0,6.829999999999998,100.0,-0.0700000000000002,-0.0900000000000034,1.2,-2177688.91,98981.58000000002,100.0,4.8,-0.6147000000000231,1872.0
E10_L6,E10,Kullu,31.7667,77.3333,1,6,6,174,17.17,20.86,100.0,-0.0200000000000031,0.0599999999999951,0.3,-1880738.33,-98984.04,100.0,4.8,1.2515999999998992,1872.0
E10_L9,E10,Kullu,31.7667,77.3333,1,9,6,174,2.480000000000004,6.310000000000002,100.0,0.0799999999999983,0.1499999999999985,0.3,-1583793.13,98981.02000000002,85.0,4.8,0.9464999999999912,1872.0
E11_L0,E11,Kangra,32.219,76.3234,1,0,6,176,0.5999999999999943,5.199999999999989,98.0,0.0400000000000062,-0.1299999999999954,0.6,-2474165.8000000003,-98964.12000000002,100.0,4.75,-0.6759999999999748,1316.0
E11_L3,E11,Kangra,32.219,76.3234,1,3,6,175,1.2800000000000011,8.810000000000002,98.0,-0.1700000000000017,-0.2199999999999988,0.6,-2177235.38,98990.81,100.0,4.75,-1.9381999999999904,1316.0
E11_L6,E11,Kangra,32.219,76.3234,1,6,6,175,-18.41,14.75,93.87,-0.0499999999999971,0.0499999999999971,0.6,-1880268.29,-98985.60000000003,100.0,4.75,0.7374999999999581,1316.0
E11_L9,E11,Kangra,32.219,76.3234,1,9,6,175,1.3000000000000045,0.2300000000000039,93.87,0.0999999999999943,0.2599999999999909,0.6,-1583320.09,98982.5,100.0,4.75,0.0597999999999989,1316.0
E12_L0,E12,Kullu,31.7667,77.3333,1,0,6,176,9.0,0.0,100.0,0.0899999999999963,-0.0200000000000031,0.5,-2474815.84,-98991.95,100.0,4.82,-0.0,1872.0
E12_L3,E12,Kullu,31.7667,77.3333,1,3,6,175,0.0,6.200000000000003,100.0,-0.1099999999999994,-0.1499999999999985,0.5,-2177843.67,98990.13,100.0,4.82,-0.9299999999999916,1872.0
E12_L6,E12,Kullu,31.7667,77.3333,1,6,6,175,7.799999999999997,23.41,100.0,-0.0399999999999991,-0.0499999999999971,0.5,-1880874.56,-98990.49000000002,100.0,4.82,-1.1704999999999333,1872.0
E12_L9,E12,Kullu,31.7667,77.3333,1,9,6,175,2.2099999999999937,6.079999999999998,100.0,-0.009999999999998,0.0200000000000031,0.5,-1583906.91,98988.02999999996,100.0,4.82,0.1216000000000189,1872.0
E13_L0,E13,Kullu,31.92,77.05,1,0,6,176,9.069999999999991,2.9499999999999886,100.0,0.0600000000000022,-0.0899999999999892,1.1,-2474519.59,-98979.83,100.0,5.38,-0.2654999999999671,2208.0
E13_L3,E13,Kullu,31.92,77.05,1,3,6,175,1.4000000000000057,9.25,100.0,-0.1499999999999914,-0.2199999999999988,1.1,-2177569.38,98984.74,100.0,5.38,-2.034999999999989,2208.0
E13_L6,E13,Kullu,31.92,77.05,1,6,6,175,-8.129999999999995,18.090000000000003,100.0,-0.0700000000000073,-0.0300000000000011,1.1,-1880611.92,-98983.33,100.0,5.38,-0.5427000000000207,2208.0
E13_L9,E13,Kullu,31.92,77.05,1,9,6,175,2.180000000000007,5.43,100.0,0.0400000000000062,0.1299999999999954,1.1,-1583666.89,98982.33999999998,100.0,5.38,0.7058999999999753,2208.0
E14_L0,E14,Kullu,32.2432,77.1892,1,0,6,176,7.0,0.0,100.0,0.0899999999999963,-0.0200000000000031,0.7,-2474814.94,-98991.95,100.0,4.82,-0.0,1878.0
E14_L3,E14,Kullu,32.2432,77.1892,1,3,6,175,0.0,6.200000000000003,100.0,-0.1099999999999994,-0.1499999999999985,0.7,-2177843.37,98990.13,100.0,4.82,-0.9299999999999916,1878.0
E14_L6,E14,Kullu,32.2432,77.1892,1,6,6,175,3.799999999999997,23.41,100.0,-0.0399999999999991,-0.0499999999999971,0.7,-1880874.26,-98991.49,100.0,4.82,-1.1704999999999333,1878.0
E14_L9,E14,Kullu,32.2432,77.1892,1,9,6,175,2.2099999999999937,6.079999999999998,100.0,-0.009999999999998,0.0200000000000031,0.3,-1583907.61,98987.83,100.0,4.82,0.1216000000000189,1878.0
E15_L0,E15,Kullu,31.6333,77.35,1,0,6,176,6.900000000000006,1.690000000000012,99.94,0.0900000000000034,-0.0499999999999971,0.2,-2474766.16,-98992.89,100.0,5.19,-0.0844999999999957,1677.0
E15_L3,E15,Kullu,31.6333,77.35,1,3,6,175,1.8399999999999888,11.209999999999994,99.73,-0.1400000000000005,-0.2300000000000039,0.2,-2177789.49,98994.02,100.0,5.19,-2.578300000000043,1677.0
E15_L6,E15,Kullu,31.6333,77.35,1,6,6,175,2.0,21.86,99.73,-0.0900000000000034,-0.0699999999999931,0.2,-1880810.75,-98995.57000000002,100.0,5.19,-1.5301999999998508,1677.0
E15_L9,E15,Kullu,31.6333,77.35,1,9,6,175,4.490000000000002,7.700000000000003,99.73,0.0200000000000102,0.1099999999999994,0.2,-1583837.16,98980.62,100.0,5.19,0.846999999999996,1677.0
E16_L0,E16,Mandi,31.5333,77.15,1,0,7,183,-5.939999999999998,0.6000000000000085,100.0,0.0300000000000011,-0.0799999999999983,6.6,-2471279.9,-98942.16,100.0,3.94,-0.0479999999999996,2187.0
E16_L3,E16,Mandi,31.5333,77.15,1,3,7,182,3.1599999999999966,6.449999999999989,100.0,-0.1099999999999994,-0.0499999999999971,6.6,-2174350.26,98987.91,100.0,3.94,-0.3224999999999811,2187.0
E16_L6,E16,Mandi,31.5333,77.15,1,6,7,182,-12.989999999999997,7.900000000000006,99.0,0.0600000000000022,0.2100000000000079,6.6,-1877368.65,-98995.47,100.0,3.94,1.659000000000064,2187.0
E16_L9,E16,Mandi,31.5333,77.15,1,9,7,182,-2.8700000000000045,-7.609999999999999,99.0,0.1500000000000056,0.2199999999999988,6.6,-1580381.04,98946.94,100.0,3.94,-1.6741999999999913,2187.0
E17_L0,E17,Kullu,32.2432,77.1892,1,0,7,183,5.0,0.0,100.0,0.0700000000000002,-0.009999999999998,0.3,-2473915.95,-98938.63,100.0,5.28,-0.0,1878.0
E17_L3,E17,Kullu,32.2432,77.1892,1,3,7,182,0.0,6.0,100.0,-0.0799999999999983,-0.1099999999999994,0.2,-2177016.22,98978.23,100.0,5.28,-0.6599999999999966,1878.0
E17_L6,E17,Kullu,32.2432,77.1892,1,6,7,182,6.0,17.150000000000006,98.11,-0.0300000000000011,0.0300000000000011,0.2,-1880076.13,-98990.61,100.0,5.28,0.5145000000000197,1878.0
E17_L9,E17,Kullu,32.2432,77.1892,1,9,7,182,2.969999999999999,1.6699999999999875,98.11,0.0600000000000022,0.1300000000000025,0.0,-1583119.42,98988.00999999998,90.0,5.28,0.2171000000000026,1878.0
E18_L0,E18,Kullu,32.1167,77.3333,1,0,8,213,10.0,0.0,100.0,0.0399999999999991,0.029999999999994,0.9,-2473211.89,-99015.92,100.0,2.79,0.0,3324.0
E18_L3,E18,Kullu,32.1167,77.3333,1,3,7,212,2.0,4.569999999999993,100.0,-0.0100000000000051,-0.0300000000000011,0.9,-2176332.0500000003,98910.37,100.0,2.79,-0.137100000000005,3324.0
E18_L6,E18,Kullu,32.1167,77.3333,1,6,7,212,11.430000000000009,10.540000000000006,97.0,-0.019999999999996,0.0200000000000031,0.9,-1879594.38,-98940.48,100.0,2.79,0.210800000000033,3324.0
E18_L9,E18,Kullu,32.1167,77.3333,1,9,7,212,0.6400000000000006,1.2600000000000051,96.0,0.0399999999999991,0.0499999999999971,0.9,-1582979.06,98819.28,100.0,2.79,0.0629999999999966,3324.0
E19_L0,E19,Kullu,31.9578,77.1095,1,0,8,232,5.760000000000005,-0.1400000000000005,97.29,0.0100000000000051,-0.0499999999999971,4.1,-2474192.78,-98935.33999999998,100.0,3.35,0.0069999999999996,1229.0
E19_L3,E19,Kullu,31.9578,77.1095,1,3,8,231,-0.3900000000000005,1.0800000000000125,97.29,-0.0600000000000022,-0.1200000000000045,0.9,-2177280.16,98997.77000000002,100.0,3.35,-0.1296000000000064,1229.0
E19_L6,E19,Kullu,31.9578,77.1095,1,6,8,231,9.819999999999991,16.189999999999998,96.94,-0.0600000000000022,0.0900000000000034,0.9,-1880291.65,-99003.27999999998,100.0,3.35,1.457100000000055,1229.0
E19_L9,E19,Kullu,31.9578,77.1095,1,9,8,231,1.259999999999991,1.5300000000000011,96.94,0.1500000000000056,0.3000000000000113,0.9,-1583326.35,98965.66,100.0,3.35,0.4590000000000177,1229.0
E20_L0,E20,Kinnaur,31.5796,78.2803,1,0,8,234,15.0,0.0,100.0,0.0999999999999943,0.019999999999996,0.0,-2474667.56,-98986.52999999998,90.0,4.62,0.0,2220.0
E20_L3,E20,Kinnaur,31.5796,78.2803,1,3,8,233,0.0,2.1200000000000045,100.0,-0.0799999999999983,-0.0999999999999943,0.0,-2177710.49,98971.76999999996,90.0,4.62,-0.2119999999999884,2220.0
E20_L6,E20,Kinnaur,31.5796,78.2803,1,6,8,233,35.879999999999995,20.07,99.99,-0.019999999999996,0.0799999999999983,0.0,-1880769.94,-98969.42,83.0,4.62,1.6055999999999653,2220.0
E20_L9,E20,Kinnaur,31.5796,78.2803,1,9,8,233,2.4099999999999966,6.280000000000001,99.99,0.0999999999999943,0.2000000000000028,0.0,-1583850.7200000002,98992.8,83.0,4.62,1.256000000000018,2220.0
E21_L0,E21,Kinnaur,32.5,78.6,1,0,7,199,12.040000000000006,9.210000000000008,96.47,0.0800000000000054,-0.0399999999999991,5.4,-2474843.11,-98999.88,100.0,5.85,-0.3683999999999924,4443.0
E21_L3,E21,Kinnaur,32.5,78.6,1,3,7,198,5.010000000000005,21.559999999999995,96.47,-0.1200000000000045,-0.240000000000002,5.4,-2177843.43,98999.91,100.0,5.85,-5.174400000000042,4443.0
E21_L6,E21,Kinnaur,32.5,78.6,1,6,7,198,3.270000000000003,18.590000000000003,96.47,-0.1199999999999974,-0.0700000000000002,5.4,-1880843.68,-99000.15,100.0,5.85,-1.3013000000000057,4443.0
E21_L9,E21,Kinnaur,32.5,78.6,1,9,7,198,2.3200000000000003,4.189999999999998,96.47,0.0499999999999971,0.1599999999999966,5.4,-1583844.8099999998,99006.1,100.0,5.85,0.6703999999999853,4443.0
E22_L0,E22,Kullu,31.9578,77.1095,1,0,8,232,9.0,0.0,100.0,-0.039999999999992,-0.1099999999999994,4.5,-2473392.06,-98882.57,100.0,4.71,-0.0,1229.0
E22_L3,E22,Kullu,31.9578,77.1095,1,3,8,231,0.0,0.0,100.0,-0.0700000000000073,-0.0600000000000022,4.5,-2176767.53,99009.74,100.0,4.71,-0.0,1229.0
E22_L6,E22,Kullu,31.9578,77.1095,1,6,8,231,7.0,16.510000000000005,100.0,0.0100000000000051,0.1500000000000056,4.5,-1880002.63,-98953.86,100.0,4.71,2.4765000000000947,1229.0
E22_L9,E22,Kullu,31.9578,77.1095,1,9,8,231,3.0799999999999983,5.129999999999996,100.0,0.1400000000000005,0.25,4.5,-1583264.11,98944.36,100.0,4.71,1.2824999999999989,1229.0
E23_L0,E23,Kullu,32.0333,77.3333,1,0,8,221,4.0,1.3299999999999983,100.0,-0.0300000000000011,-0.1400000000000005,2.3,-2474616.58,-98977.46999999996,100.0,3.09,-0.1862000000000005,2398.0
E23_L3,E23,Kullu,32.0333,77.3333,1,3,8,220,1.480000000000004,5.650000000000006,99.71,-0.1099999999999994,-0.1199999999999974,0.9,-2177662.85,98967.17,100.0,3.09,-0.6779999999999863,2398.0
E23_L6,E23,Kullu,32.0333,77.3333,1,6,8,220,7.019999999999996,24.57,99.71,-0.009999999999998,0.0700000000000002,0.9,-1880726.58,-98980.69,100.0,3.09,1.7199000000000064,2398.0
E23_L9,E23,Kullu,32.0333,77.3333,1,9,8,220,4.530000000000001,9.260000000000003,99.71,0.0799999999999983,0.1400000000000005,0.9,-1583795.0499999998,98983.09,100.0,3.09,1.296400000000006,2398.0
E24_L0,E24,Kinnaur,31.4167,78.2667,1,0,8,221,13.010000000000003,2.950000000000003,99.01,-0.0099999999999909,-0.1499999999999914,0.6,-2474434.4799999995,-98914.25,100.0,2.32,-0.4424999999999752,2612.0
E24_L3,E24,Kinnaur,31.4167,78.2667,1,3,8,220,1.5499999999999972,5.379999999999996,99.0,-0.1400000000000005,-0.1400000000000005,0.6,-2177620.07,98973.73,100.0,2.32,-0.7532000000000024,2612.0
E24_L6,E24,Kinnaur,31.4167,78.2667,1,6,8,220,21.680000000000007,23.110000000000014,99.0,-0.0,0.0999999999999943,0.6,-1880726.42,-98967.14,100.0,2.32,2.31099999999987,2612.0
E24_L9,E24,Kinnaur,31.4167,78.2667,1,9,8,220,2.6799999999999926,6.419999999999995,99.0,0.0999999999999943,0.1599999999999966,0.6,-1583803.04,98981.96,100.0,2.26,1.0271999999999772,2612.0
E25_L0,E25,Kullu,32.0167,77.3333,1,0,7,187,5.0,0.0,100.0,0.0399999999999991,-0.1099999999999994,0.8,-2473115.5,-98833.13999999996,100.0,4.14,-0.0,1744.0
E25_L3,E25,Kullu,32.0167,77.3333,1,3,7,186,0.0,1.480000000000004,100.0,-0.1499999999999985,-0.1699999999999946,0.8,-2176542.44,98908.81,100.0,4.14,-0.2515999999999926,1744.0
E25_L6,E25,Kullu,32.0167,77.3333,1,6,7,186,19.52,11.86,100.0,-0.019999999999996,0.0300000000000011,0.8,-1879853.45,-98918.91,100.0,4.14,0.3558000000000134,1744.0
E25_L9,E25,Kullu,32.0167,77.3333,1,9,7,186,2.890000000000001,8.590000000000003,100.0,0.0499999999999971,0.0599999999999951,0.8,-1583026.12,98875.42,100.0,4.14,0.5153999999999587,1744.0
E26_L0,E26,Chamba,32.5534,76.1258,1,0,8,220,3.0,0.0,100.0,0.0100000000000051,-0.0699999999999931,2.3,-2474281.38,-98953.36,100.0,5.2,-0.0,924.0
E26_L3,E26,Chamba,32.5534,76.1258,1,3,8,219,0.0,0.9000000000000057,100.0,-0.0799999999999983,-0.0900000000000034,2.3,-2177383.0,98987.32,100.0,5.2,-0.0810000000000035,924.0
E26_L6,E26,Chamba,32.5534,76.1258,1,6,8,219,10.099999999999994,8.719999999999999,100.0,-0.0100000000000051,0.0899999999999892,2.3,-1880441.32,-98985.94,100.0,5.2,0.7847999999999057,924.0
E26_L9,E26,Chamba,32.5534,76.1258,1,9,8,219,3.3699999999999903,10.25,100.0,0.0999999999999943,0.1899999999999977,2.3,-1583499.66,98969.48,100.0,5.2,1.9474999999999767,924.0
E27_L0,E27,Shimla,31.45,77.65,1,0,7,213,-0.9899999999999948,-5.989999999999995,100.0,0.0500000000000113,-0.0799999999999983,16.0,-2474291.7800000003,-99009.06999999998,100.0,3.95,0.4791999999999893,1166.0
E27_L3,E27,Shimla,31.45,77.65,1,3,7,212,0.0,1.6400000000000006,100.0,-0.1300000000000096,-0.2000000000000028,16.0,-2177365.63,98906.6,100.0,3.95,-0.3280000000000048,1166.0
E27_L6,E27,Shimla,31.45,77.65,1,6,7,212,15.36,17.769999999999996,100.0,-0.0699999999999931,0.0700000000000073,16.0,-1880595.79,-98933.61,100.0,3.95,1.243900000000131,1166.0
E27_L9,E27,Shimla,31.45,77.65,1,9,7,212,5.3700000000000045,4.8700000000000045,100.0,0.1400000000000005,0.2399999999999948,16.0,-1583766.52,98993.87000000002,100.0,3.95,1.168799999999976,1166.0
E28_L0,E28,Kullu,32.15,77.15,1,0,7,198,11.0,0.0,100.0,0.0400000000000062,-0.0999999999999943,3.3,-2474664.54,-98997.72,100.0,5.12,-0.0,2054.0
E28_L3,E28,Kullu,32.15,77.15,1,3,7,197,0.0,3.6500000000000057,100.0,-0.1400000000000005,-0.2099999999999937,3.3,-2177670.7800000003,98991.64,100.0,5.12,-0.7664999999999784,2054.0
E28_L6,E28,Kullu,32.15,77.15,1,6,7,197,2.3499999999999943,16.049999999999997,97.52,-0.0699999999999931,0.0100000000000051,3.3,-1880684.86,-98996.49,100.0,5.12,0.160500000000082,2054.0
E28_L9,E28,Kullu,32.15,77.15,1,9,7,197,2.319999999999993,5.019999999999996,97.52,0.0799999999999983,0.1899999999999977,0.7,-1583732.15,98983.25999999998,100.0,5.12,0.953799999999988,2054.0
E29_L0,E29,Shimla,31.452,77.633,1,0,8,219,5.079999999999998,-0.9200000000000016,100.0,0.0999999999999943,-0.0,2.5,-2473287.47,-98953.69,100.0,3.7,0.0,941.0
E29_L3,E29,Shimla,31.452,77.633,1,3,8,218,0.0,0.0,100.0,-0.0999999999999943,-0.0900000000000034,2.5,-2176362.04,98982.81999999998,100.0,3.7,-0.0,941.0
E29_L6,E29,Shimla,31.452,77.633,1,6,8,218,12.0,9.180000000000009,100.0,0.0099999999999909,0.1199999999999903,2.5,-1879403.54,-98985.38,100.0,3.7,1.1015999999999122,941.0
E29_L9,E29,Shimla,31.452,77.633,1,9,8,218,2.769999999999996,9.47,100.0,0.1099999999999994,0.1400000000000005,2.0,-1582436.18,98970.55000000002,100.0,3.41,1.3258000000000052,941.0
NEG000_L0,NEG000,Kullu,32.2432,77.1892,0,0,9,251,18.340000000000003,-0.6599999999999966,100.0,0.029999999999994,-0.0200000000000031,0.5,-2474997.7,-99000.0,82.0,4.81,0.0132000000000019,1878.0
NEG000_L3,NEG000,Kullu,32.2432,77.1892,0,3,9,250,0.0,2.430000000000007,100.0,-0.0499999999999971,-0.0799999999999983,0.5,-2177997.7,99000.0,82.0,4.81,-0.1943999999999964,1878.0
NEG000_L6,NEG000,Kullu,32.2432,77.1892,0,6,9,250,18.57,18.779999999999987,100.0,-0.0300000000000011,0.0300000000000011,0.5,-1880997.7,-99000.4,82.0,4.81,0.563400000000021,1878.0
NEG000_L9,NEG000,Kullu,32.2432,77.1892,0,9,9,250,1.840000000000004,4.3700000000000045,100.0,0.0600000000000022,0.0900000000000034,0.5,-1583998.5,99000.4,82.0,4.81,0.3933000000000153,1878.0
NEG001_L0,NEG001,Kinnaur,31.4167,78.2667,0,0,8,230,11.650000000000006,-2.3499999999999943,100.0,-0.0799999999999983,-0.1899999999999977,1.7,-2474688.24,-98933.61,100.0,5.64,0.4464999999999935,2612.0
NEG001_L3,NEG001,Kinnaur,31.4167,78.2667,0,3,8,229,0.0,0.2999999999999971,100.0,-0.1099999999999994,-0.0900000000000034,1.7,-2177827.2300000004,98982.44000000002,100.0,5.64,-0.0270000000000007,2612.0
NEG001_L6,NEG001,Kinnaur,31.4167,78.2667,0,6,8,229,29.700000000000003,15.36,99.7,0.019999999999996,0.1400000000000005,0.7,-1880912.25,-98977.92,100.0,5.64,2.1504000000000087,2612.0
NEG001_L9,NEG001,Kinnaur,31.4167,78.2667,0,9,8,229,1.8800000000000097,8.700000000000003,98.66,0.1200000000000045,0.1599999999999966,0.7,-1583957.61,98995.64,100.0,5.64,1.3919999999999708,2612.0
NEG002_L0,NEG002,Kinnaur,32.5,78.6,0,0,9,262,13.0,4.180000000000007,100.0,0.0300000000000011,-0.0499999999999971,2.2,-2474851.88,-98994.58,100.0,6.85,-0.2089999999999884,4443.0
NEG002_L3,NEG002,Kinnaur,32.5,78.6,0,3,9,261,7.409999999999997,18.57,99.71,-0.0799999999999983,-0.2100000000000008,2.2,-2177860.32,98999.02,100.0,6.85,-3.8997000000000144,4443.0
NEG002_L6,NEG002,Kinnaur,32.5,78.6,0,6,9,261,11.25,28.79,99.71,-0.1300000000000025,-0.0900000000000034,2.2,-1880864.2,-99002.63,100.0,6.85,-2.591100000000098,4443.0
NEG002_L9,NEG002,Kinnaur,32.5,78.6,0,9,9,261,1.759999999999998,0.8999999999999986,99.71,0.0399999999999991,0.1200000000000045,2.2,-1583875.09,98987.45000000004,100.0,6.85,0.1080000000000039,4443.0
NEG003_L0,NEG003,Kullu,32.0167,77.3333,0,0,9,246,16.0,0.0,100.0,0.1199999999999974,0.1099999999999994,3.4,-2474212.99,-98985.58,100.0,5.0,0.0,1744.0
NEG003_L3,NEG003,Kullu,32.0167,77.3333,0,3,9,245,0.0,0.7199999999999989,100.0,-0.009999999999998,-0.009999999999998,3.4,-2177246.37,98998.49,100.0,5.0,-0.0071999999999985,1744.0
NEG003_L6,NEG003,Kullu,32.0167,77.3333,0,6,9,245,20.28,22.340000000000003,100.0,-0.0,0.0700000000000002,3.4,-1880264.36,-98997.21,100.0,5.0,1.5638000000000063,1744.0
NEG003_L9,NEG003,Kullu,32.0167,77.3333,0,9,9,245,0.8499999999999943,1.0799999999999983,100.0,0.0700000000000002,0.1000000000000014,3.4,-1583271.0099999998,99002.2,100.0,5.0,0.1080000000000013,1744.0
NEG004_L0,NEG004,Kullu,32.1167,77.3333,0,0,8,235,-1.4699999999999989,-5.349999999999994,100.0,0.0499999999999971,-0.0400000000000062,2.0,-2471866.54,-98961.3,100.0,5.08,0.2140000000000332,3324.0
NEG004_L3,NEG004,Kullu,32.1167,77.3333,0,3,8,234,-0.3100000000000023,0.2299999999999897,100.0,-0.0900000000000034,-0.1300000000000025,2.0,-2174946.74,98983.05999999998,100.0,5.08,-0.0298999999999992,3324.0
NEG004_L6,NEG004,Kullu,32.1167,77.3333,0,6,8,234,1.6500000000000057,12.240000000000007,100.0,-0.0399999999999991,0.0300000000000011,2.0,-1877989.34,-99004.88999999998,100.0,5.08,0.3672000000000142,3324.0
NEG004_L9,NEG004,Kullu,32.1167,77.3333,0,9,8,234,1.4699999999999989,2.789999999999992,100.0,0.0700000000000002,0.1099999999999994,2.0,-1581194.13,98654.15,100.0,5.08,0.3068999999999975,3324.0
NEG005_L0,NEG005,Mandi,31.5333,77.15,0,0,9,262,-27.36,4.280000000000001,97.0,0.0400000000000062,-0.0699999999999931,1.9,-2474994.15,-99000.0,92.0,3.51,-0.2995999999999709,2187.0
NEG005_L3,NEG005,Mandi,31.5333,77.15,0,3,9,261,-2.219999999999999,-11.209999999999994,97.0,-0.1099999999999994,-0.1400000000000005,1.9,-2177994.15,99000.0,92.0,3.51,1.5694000000000057,2187.0
NEG005_L6,NEG005,Mandi,31.5333,77.15,0,6,9,261,-12.430000000000009,21.28,96.0,-0.0300000000000011,0.1199999999999903,1.9,-1880994.15,-99000.11,92.0,3.51,2.553599999999794,2187.0
NEG005_L9,NEG005,Mandi,31.5333,77.15,0,9,9,261,1.490000000000002,3.25,77.0,0.1499999999999914,0.25,1.9,-1583994.26,99000.96,71.0,3.51,0.8125,2187.0
NEG006_L0,NEG006,Kullu,32.2432,77.1892,0,0,7,204,3.0,0.0,100.0,0.0399999999999991,-0.0,0.5,-2474285.85,-98983.74000000002,100.0,4.68,-0.0,1878.0
NEG006_L3,NEG006,Kullu,32.2432,77.1892,0,3,7,203,0.0,0.1599999999999966,100.0,-0.0399999999999991,-0.0700000000000002,0.5,-2177345.05,98997.28,100.0,4.68,-0.0111999999999998,1878.0
NEG006_L6,NEG006,Kullu,32.2432,77.1892,0,6,7,203,-0.1599999999999966,5.049999999999997,100.0,-0.0300000000000011,0.009999999999998,0.5,-1880395.47,-99000.69999999998,100.0,4.68,0.0504999999999899,1878.0
NEG006_L9,NEG006,Kullu,32.2432,77.1892,0,9,7,203,1.9000000000000057,4.859999999999999,100.0,0.0399999999999991,0.0899999999999963,0.5,-1583419.13,98981.06,100.0,4.68,0.4373999999999819,1878.0
NEG007_L0,NEG007,Kullu,31.9578,77.1095,0,0,7,203,13.0,0.2000000000000028,100.0,-0.0200000000000102,-0.1500000000000056,6.7,-2472806.92,-98879.85,100.0,3.81,-0.0300000000000015,1229.0
NEG007_L3,NEG007,Kullu,31.9578,77.1095,0,3,7,202,0.2800000000000011,0.9699999999999988,100.0,-0.1299999999999954,-0.2099999999999937,6.7,-2176041.75,98990.6,100.0,3.81,-0.2036999999999937,1229.0
NEG007_L6,NEG007,Kullu,31.9578,77.1095,0,6,7,202,17.83,12.730000000000004,99.89,-0.0799999999999983,0.0499999999999971,6.7,-1879135.25,-98993.36,100.0,3.81,0.636499999999964,1229.0
NEG007_L9,NEG007,Kullu,31.9578,77.1095,0,9,7,202,0.0499999999999971,-0.2400000000000091,99.89,0.1299999999999954,0.1400000000000005,6.7,-1582215.75,98809.89999999998,100.0,3.81,-0.0336000000000014,1229.0
NEG008_L0,NEG008,Kullu,32.0167,77.3333,0,0,6,167,23.0,1.5999999999999943,100.0,0.0399999999999991,-0.0700000000000002,4.5,-2474632.0900000003,-98967.63999999998,100.0,6.04,-0.112,1744.0
NEG008_L3,NEG008,Kullu,32.0167,77.3333,0,3,6,166,-0.9599999999999936,5.160000000000011,99.36,-0.1099999999999994,-0.0900000000000034,4.5,-2177735.75,98962.32000000002,100.0,6.04,-0.4644000000000186,1744.0
NEG008_L6,NEG008,Kullu,32.0167,77.3333,0,6,6,166,23.239999999999995,22.58,97.0,0.019999999999996,0.0499999999999971,4.5,-1880847.2700000005,-98975.47999999998,100.0,6.04,1.1289999999999358,1744.0
NEG008_L9,NEG008,Kullu,32.0167,77.3333,0,9,6,166,4.349999999999994,13.29,97.0,0.0300000000000011,0.0300000000000011,4.5,-1583890.53,98996.76,100.0,6.04,0.3987000000000151,1744.0
NEG009_L0,NEG009,Mandi,31.79,76.96,0,0,7,207,4.0,0.0,100.0,0.0799999999999983,0.0499999999999971,0.4,-2474276.55,-98909.92,100.0,5.03,0.0,1472.0
NEG009_L3,NEG009,Mandi,31.79,76.96,0,3,7,206,0.3100000000000023,4.140000000000001,100.0,-0.0300000000000011,-0.059999999999988,0.4,-2177467.35,98962.62,100.0,5.03,-0.2483999999999506,1472.0
NEG009_L6,NEG009,Mandi,31.79,76.96,0,6,7,206,12.86,16.319999999999993,95.86,-0.0299999999999869,0.1000000000000085,0.4,-1880576.15,-98957.47000000002,100.0,5.03,1.6320000000001385,1472.0
NEG009_L9,NEG009,Mandi,31.79,76.96,0,9,7,206,3.2900000000000063,7.050000000000011,95.07,0.1299999999999954,0.2199999999999988,0.4,-1583719.86,98946.81,100.0,5.03,1.5509999999999944,1472.0
NEG010_L0,NEG010,Kinnaur,31.4167,78.2667,0,0,6,160,-4.140000000000001,1.6099999999999994,94.0,0.0899999999999892,-0.0300000000000011,0.6,-2474736.8200000003,-98989.04000000002,56.0,6.28,-0.0483000000000018,2612.0
NEG010_L3,NEG010,Kinnaur,31.4167,78.2667,0,3,6,159,-0.5699999999999932,7.030000000000001,94.0,-0.1199999999999903,-0.1799999999999926,0.6,-2177795.7,98983.21,56.0,6.28,-1.2653999999999483,2612.0
NEG010_L6,NEG010,Kinnaur,31.4167,78.2667,0,6,6,159,7.219999999999999,21.39,94.0,-0.0600000000000022,0.0099999999999909,0.6,-1880861.97,-98982.61,56.0,6.28,0.2138999999998054,2612.0
NEG010_L9,NEG010,Kinnaur,31.4167,78.2667,0,9,6,159,0.4299999999999997,-1.6900000000000048,94.0,0.0699999999999931,0.1200000000000045,0.2,-1583910.34,98984.9,41.0,6.28,-0.2028000000000082,2612.0
NEG011_L0,NEG011,Mandi,31.79,76.96,0,0,8,229,11.0,0.0,100.0,0.0900000000000034,0.0400000000000062,2.3,-2474347.1,-98998.03999999998,100.0,4.58,0.0,1472.0
NEG011_L3,NEG011,Mandi,31.79,76.96,0,3,8,228,0.0,2.1599999999999966,100.0,-0.0499999999999971,-0.019999999999996,2.3,-2177353.18,98998.39,100.0,4.58,-0.0431999999999913,1472.0
NEG011_L6,NEG011,Mandi,31.79,76.96,0,6,8,228,9.840000000000003,18.040000000000006,100.0,0.0300000000000011,0.1599999999999966,2.3,-1880358.89,-98999.04,100.0,4.58,2.88639999999994,1472.0
NEG011_L9,NEG011,Mandi,31.79,76.96,0,9,8,228,1.4200000000000017,3.0,100.0,0.1299999999999954,0.1799999999999926,2.3,-1583364.15,98997.43000000002,100.0,4.58,0.5399999999999778,1472.0
NEG012_L0,NEG012,Mandi,31.79,76.96,0,0,8,224,6.0,0.4300000000000068,100.0,0.039999999999992,-0.0600000000000022,1.7,-2474787.95,-98984.33000000002,100.0,5.85,-0.0258000000000013,1472.0
NEG012_L3,NEG012,Mandi,31.79,76.96,0,3,8,223,0.4599999999999937,1.9499999999999889,100.0,-0.0999999999999943,-0.059999999999988,1.7,-2177831.22,98970.52,100.0,5.85,-0.116999999999976,1472.0
NEG012_L6,NEG012,Mandi,31.79,76.96,0,6,8,223,10.620000000000005,12.320000000000007,100.0,0.0400000000000062,0.1599999999999966,1.7,-1880894.52,-98981.51,100.0,5.85,1.9711999999999592,1472.0
NEG012_L9,NEG012,Mandi,31.79,76.96,0,9,8,223,2.75,5.179999999999993,100.0,0.1199999999999903,0.2299999999999897,1.7,-1583929.5099999998,98997.5,100.0,5.85,1.1913999999999454,1472.0
NEG013_L0,NEG013,Kullu,32.0167,77.3333,0,0,7,191,7.0,0.0,100.0,0.0700000000000002,-0.009999999999998,2.5,-2474829.62,-98977.24,100.0,4.97,-0.0,1744.0
NEG013_L3,NEG013,Kullu,32.0167,77.3333,0,3,7,190,0.0,5.219999999999999,100.0,-0.0799999999999983,-0.0799999999999983,2.5,-2177876.62,98997.66,100.0,4.97,-0.417599999999991,1744.0
NEG013_L6,NEG013,Kullu,32.0167,77.3333,0,6,7,190,16.78,15.439999999999998,100.0,-0.0,0.0399999999999991,2.5,-1880905.16,-98995.97000000002,100.0,4.97,0.6175999999999867,1744.0
NEG013_L9,NEG013,Kullu,32.0167,77.3333,0,9,7,190,2.0,4.900000000000006,100.0,0.0399999999999991,0.029999999999994,2.5,-1583914.99,98985.96,100.0,4.97,0.1469999999999709,1744.0
NEG014_L0,NEG014,Mandi,31.79,76.96,0,0,9,257,-4.219999999999999,-7.659999999999997,94.11,0.0400000000000062,-0.059999999999988,1.1,-2474983.05,-98999.69,37.0,3.92,0.4595999999999083,1472.0
NEG014_L3,NEG014,Mandi,31.79,76.96,0,3,9,256,-2.6700000000000017,-1.0600000000000025,94.11,-0.0999999999999943,-0.1099999999999994,1.1,-2177984.74,98998.96000000002,37.0,3.92,0.1165999999999996,1472.0
NEG014_L6,NEG014,Mandi,31.79,76.96,0,6,9,256,11.5,25.599999999999994,92.5,-0.0100000000000051,0.1299999999999954,1.1,-1880987.16,-98998.48,37.0,3.92,3.327999999999883,1472.0
NEG014_L9,NEG014,Mandi,31.79,76.96,0,9,9,256,1.3400000000000034,2.240000000000009,92.0,0.1400000000000005,0.25,1.1,-1583989.48,98997.77,37.0,3.92,0.5600000000000023,1472.0
NEG015_L0,NEG015,Kinnaur,31.5796,78.2803,0,0,6,175,2.4000000000000057,0.5400000000000063,100.0,0.0099999999999909,-0.0900000000000034,0.4,-2473872.8400000003,-98985.46,100.0,5.5,-0.0486000000000024,2220.0
NEG015_L3,NEG015,Kinnaur,31.5796,78.2803,0,3,6,174,-0.1599999999999966,10.329999999999998,100.0,-0.0999999999999943,-0.1099999999999994,0.4,-2176931.8200000003,98980.39000000004,100.0,5.5,-1.136299999999994,2220.0
NEG015_L6,NEG015,Kinnaur,31.5796,78.2803,0,6,6,174,17.53,20.870000000000005,100.0,-0.0100000000000051,0.0699999999999931,0.4,-1879987.53,-98996.26999999996,100.0,5.5,1.460899999999858,2220.0
NEG015_L9,NEG015,Kinnaur,31.5796,78.2803,0,9,6,174,3.319999999999993,7.559999999999995,100.0,0.0799999999999983,0.0900000000000034,0.4,-1583066.6,98856.28,100.0,5.5,0.6804000000000253,2220.0
NEG016_L0,NEG016,Kullu,32.15,77.15,0,0,7,188,21.16,5.079999999999998,96.16,-0.0699999999999931,-0.2299999999999897,0.2,-2474401.3400000003,-98973.62,100.0,4.18,-1.1683999999999477,2054.0
NEG016_L3,NEG016,Kullu,32.15,77.15,0,3,7,187,1.7800000000000011,5.629999999999996,95.83,-0.1599999999999966,-0.1599999999999966,0.2,-2177457.46,99005.16,100.0,4.18,-0.90079999999998,2054.0
NEG016_L6,NEG016,Kullu,32.15,77.15,0,6,7,187,13.450000000000005,19.92,95.83,-0.0,0.0799999999999983,0.2,-1880470.48,-99007.8,100.0,4.18,1.5935999999999662,2054.0
NEG016_L9,NEG016,Kullu,32.15,77.15,0,9,7,187,3.1700000000000017,5.75,95.83,0.0799999999999983,0.1199999999999903,0.2,-1583535.6800000002,98982.57000000002,100.0,4.18,0.6899999999999444,2054.0
NEG017_L0,NEG017,Solan,30.9045,77.0967,0,0,6,154,-14.549999999999995,3.1500000000000057,89.0,0.0700000000000073,0.0100000000000051,5.4,-2474862.99,-98999.99,100.0,3.63,0.0315000000000161,1460.0
NEG017_L3,NEG017,Solan,30.9045,77.0967,0,3,6,153,0.1700000000000017,6.479999999999997,87.0,-0.0600000000000022,-0.1200000000000045,5.4,-2177863.04,98999.82,100.0,3.63,-0.777600000000029,1460.0
NEG017_L6,NEG017,Solan,30.9045,77.0967,0,6,6,153,-2.18,20.700000000000003,87.0,-0.0600000000000022,0.0400000000000062,5.4,-1880863.26,-99000.67,100.0,3.63,0.8280000000001295,1460.0
NEG017_L9,NEG017,Solan,30.9045,77.0967,0,9,6,153,2.3299999999999983,4.169999999999995,87.0,0.1000000000000085,0.2000000000000028,5.4,-1583866.41,99006.69000000005,100.0,3.63,0.8340000000000107,1460.0
NEG018_L0,NEG018,Mandi,31.708,76.9318,0,0,9,248,-15.510000000000003,5.649999999999992,90.0,0.0600000000000022,0.019999999999996,0.0,-2474996.65,-99000.0,36.0,4.07,0.1129999999999773,764.0
NEG018_L3,NEG018,Mandi,31.708,76.9318,0,3,9,247,-1.7099999999999935,-9.929999999999993,90.0,-0.0400000000000062,-0.0500000000000113,0.0,-2177996.6500000004,99000.0,36.0,4.07,0.4965000000001125,764.0
NEG018_L6,NEG018,Mandi,31.708,76.9318,0,6,9,247,6.769999999999996,18.09,90.0,-0.0100000000000051,0.0799999999999983,0.0,-1880996.65,-99000.0,29.0,4.07,1.447199999999969,764.0
NEG018_L9,NEG018,Mandi,31.708,76.9318,0,9,9,247,1.6700000000000017,2.75,90.0,0.0900000000000034,0.1300000000000096,0.0,-1583996.65,99000.0,27.0,4.07,0.3575000000000266,764.0
NEG019_L0,NEG019,Mandi,31.79,76.96,0,0,9,266,-5.329999999999998,1.9699999999999989,98.0,0.1000000000000085,0.0200000000000102,4.8,-2469990.02,-98882.51,100.0,2.45,0.0394000000000201,1472.0
NEG019_L3,NEG019,Mandi,31.79,76.96,0,3,9,265,-1.2999999999999972,-4.459999999999994,98.0,-0.0799999999999983,-0.1500000000000056,4.1,-2173387.85,98854.91,100.0,2.04,0.6690000000000245,1472.0
NEG019_L6,NEG019,Mandi,31.79,76.96,0,6,9,265,-3.8400000000000034,9.47,98.0,-0.0700000000000073,0.0099999999999909,4.1,-1876810.18,-98835.81,100.0,1.99,0.0946999999999138,1472.0
NEG019_L9,NEG019,Mandi,31.79,76.96,0,9,9,265,4.539999999999992,12.909999999999997,96.0,0.0799999999999983,0.1700000000000017,4.1,-1580453.87,98332.88,100.0,1.65,2.1947000000000214,1472.0
NEG020_L0,NEG020,Mandi,31.79,76.96,0,0,9,262,-2.049999999999997,-11.019999999999996,99.5,0.039999999999992,0.0100000000000051,0.0,-2474999.94,-99000.0,37.0,4.36,-0.1102000000000563,1472.0
NEG020_L3,NEG020,Mandi,31.79,76.96,0,3,9,261,0.4000000000000057,-0.5300000000000011,99.5,-0.0299999999999869,-0.0899999999999892,0.0,-2177999.94,98999.99,37.0,4.36,0.0476999999999943,1472.0
NEG020_L6,NEG020,Mandi,31.79,76.96,0,6,9,261,17.5,24.599999999999994,99.5,-0.0600000000000022,0.0099999999999909,0.0,-1880999.95,-98999.97,37.0,4.36,0.2459999999997762,1472.0
NEG020_L9,NEG020,Mandi,31.79,76.96,0,9,9,261,1.960000000000008,4.5,86.82,0.0699999999999931,0.1299999999999954,0.0,-1584000.0,99000.0,7.0,4.36,0.5849999999999795,1472.0
NEG021_L0,NEG021,Kullu,32.2432,77.1892,0,0,7,199,3.0,0.0,100.0,0.0399999999999991,0.0200000000000031,6.0,-2474433.18,-98870.98,100.0,6.53,0.0,1878.0
NEG021_L3,NEG021,Kullu,32.2432,77.1892,0,3,7,198,0.0,2.180000000000007,100.0,-0.019999999999996,-0.009999999999998,6.0,-2177692.1,98996.68,100.0,6.53,-0.0217999999999957,1878.0
NEG021_L6,NEG021,Kullu,32.2432,77.1892,0,6,7,198,7.819999999999993,12.269999999999996,100.0,0.009999999999998,-0.0100000000000051,6.0,-1880781.42,-98992.94,100.0,6.53,-0.1227000000000627,1878.0
NEG021_L9,NEG021,Kullu,32.2432,77.1892,0,9,7,198,0.2000000000000028,1.269999999999996,100.0,-0.0200000000000031,0.0499999999999971,6.0,-1583823.04,98982.55000000002,100.0,6.53,0.0634999999999962,1878.0
NEG022_L0,NEG022,Kullu,32.15,77.15,0,0,6,165,-15.86,1.3500000000000014,70.7,0.0300000000000011,-0.0799999999999983,0.2,-2474893.58,-98999.88,34.0,6.22,-0.1079999999999978,2054.0
NEG022_L3,NEG022,Kullu,32.15,77.15,0,3,6,164,-0.8999999999999986,-7.200000000000003,70.7,-0.1099999999999994,-0.1299999999999954,0.2,-2177893.74,98998.93,34.0,6.22,0.9359999999999676,2054.0
NEG022_L6,NEG022,Kullu,32.15,77.15,0,6,6,164,-4.009999999999998,27.72,70.7,-0.019999999999996,0.0600000000000022,0.2,-1880895.07,-99002.13,34.0,6.22,1.663200000000063,2054.0
NEG022_L9,NEG022,Kullu,32.15,77.15,0,9,6,164,0.3599999999999994,0.75,70.7,0.0799999999999983,0.1299999999999954,0.0,-1583904.02,98969.27,32.0,6.22,0.0974999999999965,2054.0
NEG023_L0,NEG023,Kullu,31.6333,77.35,0,0,8,236,4.569999999999993,-1.4300000000000068,100.0,0.0999999999999943,-0.0500000000000113,2.8,-2474105.75,-98975.66000000002,100.0,5.49,0.0715000000000165,1677.0
NEG023_L3,NEG023,Kullu,31.6333,77.35,0,3,8,235,0.3900000000000005,0.6099999999999994,100.0,-0.1500000000000056,-0.2600000000000051,2.8,-2177165.01,98947.8,100.0,5.49,-0.1586000000000029,1677.0
NEG023_L6,NEG023,Kullu,31.6333,77.35,0,6,8,235,9.39,14.180000000000009,100.0,-0.1099999999999994,-0.0300000000000011,2.8,-1880255.01,-98962.47,100.0,5.49,-0.4254000000000163,1677.0
NEG023_L9,NEG023,Kullu,31.6333,77.35,0,9,8,235,6.539999999999992,9.849999999999994,100.0,0.0799999999999983,0.1400000000000005,2.8,-1583426.1,98935.40999999996,100.0,5.49,1.3790000000000049,1677.0
NEG024_L0,NEG024,Mandi,31.5333,77.15,0,0,7,196,3.390000000000001,7.030000000000001,97.0,0.0300000000000011,-0.0799999999999983,1.6,-2474646.51,-98971.16,100.0,5.74,-0.5623999999999881,2187.0
NEG024_L3,NEG024,Mandi,31.5333,77.15,0,3,7,195,1.4200000000000017,8.769999999999996,97.0,-0.1099999999999994,-0.1299999999999954,1.6,-2177709.91,98997.41,100.0,5.74,-1.1400999999999597,2187.0
NEG024_L6,NEG024,Mandi,31.5333,77.15,0,6,7,195,-6.409999999999997,14.520000000000003,97.0,-0.019999999999996,0.1099999999999994,1.6,-1880735.64,-98997.57,100.0,5.74,1.5971999999999922,2187.0
NEG024_L9,NEG024,Mandi,31.5333,77.15,0,9,7,195,1.1799999999999995,1.4299999999999995,97.0,0.1299999999999954,0.2999999999999971,1.6,-1583759.4700000002,98984.17,100.0,5.74,0.4289999999999958,2187.0
NEG025_L0,NEG025,Kullu,31.92,77.05,0,0,9,256,5.390000000000001,-0.4500000000000028,96.52,-0.0,-0.0699999999999931,0.9,-2474695.98,-98957.34000000004,100.0,4.43,0.0314999999999971,2208.0
NEG025_L3,NEG025,Kullu,31.92,77.05,0,3,9,255,-0.6799999999999926,-0.4200000000000017,96.52,-0.0699999999999931,-0.1200000000000045,0.9,-2177798.52,98983.16,100.0,4.43,0.0504000000000021,2208.0
NEG025_L6,NEG025,Kullu,31.92,77.05,0,6,9,255,11.260000000000003,20.11,96.26,-0.0500000000000113,0.0699999999999931,0.9,-1880867.0600000003,-98981.14,100.0,4.43,1.4076999999998627,2208.0
NEG025_L9,NEG025,Kullu,31.92,77.05,0,9,9,255,2.230000000000004,5.450000000000003,96.0,0.1200000000000045,0.2000000000000028,0.9,-1583915.52,98994.08,100.0,4.43,1.090000000000016,2208.0
NEG026_L0,NEG026,Kullu,31.92,77.05,0,0,6,155,-0.0600000000000022,4.32,56.0,0.0400000000000062,-0.0799999999999983,0.0,-2475000.0,-99000.0,100.0,4.75,-0.3455999999999926,2208.0
NEG026_L3,NEG026,Kullu,31.92,77.05,0,3,6,154,1.2100000000000009,-4.32,56.0,-0.1200000000000045,-0.1899999999999977,0.0,-2178000.0,99000.0,100.0,4.75,0.8207999999999902,2208.0
NEG026_L6,NEG026,Kullu,31.92,77.05,0,6,6,154,26.94,28.5,56.0,-0.0699999999999931,0.0400000000000062,0.0,-1881000.0,-99000.0,100.0,4.75,1.140000000000178,2208.0
NEG026_L9,NEG026,Kullu,31.92,77.05,0,9,6,154,0.6500000000000021,1.6700000000000017,56.0,0.1099999999999994,0.1799999999999926,0.0,-1584000.0,99000.0,100.0,4.75,0.300599999999988,2208.0
NEG027_L0,NEG027,Kullu,32.15,77.15,0,0,6,160,-12.819999999999991,5.8700000000000045,85.0,0.0900000000000034,0.0400000000000062,0.0,-2475000.0,-99000.0,40.0,5.57,0.2348000000000369,2054.0
NEG027_L3,NEG027,Kullu,32.15,77.15,0,3,6,159,2.8100000000000023,-0.9299999999999996,85.0,-0.0499999999999971,0.0099999999999909,0.0,-2178000.0,99000.0,40.0,5.57,-0.0092999999999915,2054.0
NEG027_L6,NEG027,Kullu,32.15,77.15,0,6,6,159,1.240000000000002,26.690000000000005,74.64,0.059999999999988,0.1699999999999875,0.0,-1881000.0,-99000.0,40.0,5.57,4.537299999999667,2054.0
NEG027_L9,NEG027,Kullu,32.15,77.15,0,9,6,159,-0.8500000000000014,-3.68,74.64,0.1099999999999994,0.1500000000000056,0.0,-1584000.0,99000.0,40.0,5.57,-0.5520000000000209,2054.0
NEG028_L0,NEG028,Kullu,32.15,77.15,0,0,8,221,24.33,-1.1099999999999994,100.0,-0.0300000000000011,-0.1299999999999954,0.6,-2474149.0700000003,-98995.65,100.0,3.24,0.1442999999999948,2054.0
NEG028_L3,NEG028,Kullu,32.15,77.15,0,3,8,220,0.5900000000000034,1.4299999999999926,100.0,-0.0999999999999943,-0.1500000000000056,0.6,-2177160.66,98987.88,100.0,3.24,-0.214500000000007,2054.0
NEG028_L6,NEG028,Kullu,32.15,77.15,0,6,8,220,16.010000000000005,15.940000000000012,100.0,-0.0500000000000113,0.0499999999999971,0.6,-1880182.2,-98989.18,100.0,3.24,0.7969999999999553,2054.0
NEG028_L9,NEG028,Kullu,32.15,77.15,0,9,8,220,3.3299999999999983,7.389999999999986,100.0,0.1000000000000085,0.2100000000000079,0.6,-1583209.9,98966.61000000002,100.0,3.24,1.551900000000056,2054.0
NEG029_L0,NEG029,Shimla,31.1048,77.1734,0,0,8,225,-2.8400000000000034,-0.5900000000000034,99.0,0.1099999999999994,-0.1499999999999914,1.9,-2469240.77,-98953.23,100.0,5.74,0.0884999999999954,2195.0
NEG029_L3,NEG029,Shimla,31.1048,77.1734,0,3,8,224,0.9000000000000057,-0.6800000000000068,99.0,-0.2599999999999909,-0.2399999999999948,1.9,-2172528.12,98974.38,100.0,5.74,0.1631999999999981,2195.0
NEG029_L6,NEG029,Shimla,31.1048,77.1734,0,6,8,224,9.430000000000009,12.350000000000009,99.0,0.019999999999996,0.1099999999999994,1.9,-1875727.88,-98935.55,100.0,5.74,1.3584999999999938,2195.0
NEG029_L9,NEG029,Shimla,31.1048,77.1734,0,9,8,224,2.280000000000001,-0.4600000000000079,99.0,0.0900000000000034,0.1899999999999977,1.9,-1579219.31,98706.99,100.0,5.74,-0.0874000000000004,2195.0
NEG030_L0,NEG030,Shimla,31.452,77.633,0,0,8,218,15.0,0.0,100.0,0.0499999999999971,-0.019999999999996,3.3,-2474746.8800000004,-98994.56000000004,100.0,3.78,-0.0,941.0
NEG030_L3,NEG030,Shimla,31.452,77.633,0,3,8,217,0.3499999999999943,5.489999999999995,100.0,-0.0699999999999931,-0.1400000000000005,3.3,-2177771.02,98990.18,100.0,3.78,-0.7686000000000024,941.0
NEG030_L6,NEG030,Shimla,31.452,77.633,0,6,8,217,8.510000000000005,22.77000000000001,99.05,-0.0700000000000073,0.0099999999999909,3.3,-1880800.04,-98989.96000000002,100.0,3.78,0.227699999999793,941.0
NEG030_L9,NEG030,Shimla,31.452,77.633,0,9,8,217,1.8299999999999983,4.789999999999992,99.05,0.0799999999999983,0.1600000000000108,0.1,-1583826.96,98993.73,100.0,3.78,0.7664000000000505,941.0
NEG031_L0,NEG031,Shimla,31.452,77.633,0,0,8,228,12.0,0.0,100.0,0.0100000000000051,-0.0799999999999983,0.7,-2474724.4999999995,-98989.13999999998,100.0,5.03,-0.0,941.0
NEG031_L3,NEG031,Shimla,31.452,77.633,0,3,8,227,0.0,0.6599999999999966,100.0,-0.0900000000000034,-0.0900000000000034,0.7,-2177747.04,98994.34000000004,100.0,5.03,-0.0594000000000019,941.0
NEG031_L6,NEG031,Shimla,31.452,77.633,0,6,8,227,13.340000000000003,13.28,99.34,-0.0,0.1300000000000096,0.7,-1880763.08,-98993.0,100.0,5.03,1.7264000000001285,941.0
NEG031_L9,NEG031,Shimla,31.452,77.633,0,9,8,227,4.740000000000009,8.420000000000002,97.62,0.1300000000000096,0.25,0.1,-1583784.86,98993.95,100.0,5.03,2.1050000000000004,941.0
NEG032_L0,NEG032,Mandi,31.708,76.9318,0,0,9,271,-8.219999999999999,-7.469999999999999,92.0,0.0699999999999931,-0.0200000000000102,0.5,-2474999.2,-99000.0,35.0,4.11,0.1494000000000764,764.0
NEG032_L3,NEG032,Mandi,31.708,76.9318,0,3,9,270,-1.1299999999999957,-2.8400000000000034,92.0,-0.0900000000000034,-0.1700000000000017,0.5,-2177999.2,99000.0,35.0,4.11,0.4828000000000054,764.0
NEG032_L6,NEG032,Mandi,31.708,76.9318,0,6,9,270,11.090000000000003,14.97,92.0,-0.0799999999999983,-0.0099999999999909,0.5,-1880999.2,-98999.6,35.0,4.11,-0.1496999999998638,764.0
NEG032_L9,NEG032,Mandi,31.708,76.9318,0,9,9,270,1.6099999999999994,4.980000000000004,92.0,0.0700000000000073,0.1099999999999994,0.1,-1583999.8,99000.2,35.0,4.11,0.5477999999999976,764.0
NEG033_L0,NEG033,Kullu,31.6333,77.35,0,0,6,178,-12.0,6.319999999999993,92.0,0.019999999999996,-0.0799999999999983,0.0,-2474978.14,-98990.5,71.0,5.13,-0.5055999999999887,1677.0
NEG033_L3,NEG033,Kullu,31.6333,77.35,0,3,6,177,2.3600000000000136,10.980000000000004,92.0,-0.0999999999999943,-0.1999999999999886,0.0,-2177991.04,98999.80000000002,71.0,5.13,-2.195999999999876,1677.0
NEG033_L6,NEG033,Kullu,31.6333,77.35,0,6,6,177,-2.299999999999997,23.730000000000004,92.0,-0.0999999999999943,-0.019999999999996,0.0,-1880992.54,-98999.55000000002,50.0,5.13,-0.4745999999999056,1677.0
NEG033_L9,NEG033,Kullu,31.6333,77.35,0,9,6,177,2.1099999999999994,4.27,92.0,0.0799999999999983,0.1899999999999977,0.0,-1583994.79,98999.79000000002,43.0,5.13,0.8112999999999903,1677.0
NEG034_L0,NEG034,Solan,30.9045,77.0967,0,0,7,202,-8.489999999999995,-0.3499999999999943,99.0,0.039999999999992,-0.0400000000000062,0.6,-2474785.65,-98998.63,100.0,6.37,0.0140000000000019,1460.0
NEG034_L3,NEG034,Solan,30.9045,77.0967,0,3,7,201,-0.2900000000000062,7.950000000000003,99.0,-0.0799999999999983,-0.0999999999999943,0.6,-2177810.6,98996.32000000002,100.0,6.37,-0.7949999999999551,1460.0
NEG034_L6,NEG034,Solan,30.9045,77.0967,0,6,7,201,2.9099999999999966,14.5,99.0,-0.019999999999996,0.1200000000000045,0.6,-1880836.5,-98995.93,100.0,6.37,1.740000000000066,1460.0
NEG034_L9,NEG034,Solan,30.9045,77.0967,0,9,7,201,-0.1599999999999966,-0.8700000000000045,99.0,0.1400000000000005,0.3199999999999932,0.6,-1583848.29,98995.64,100.0,6.37,-0.2783999999999955,1460.0
NEG035_L0,NEG035,Mandi,31.5333,77.15,0,0,7,196,1.9000000000000057,0.730000000000004,99.0,0.059999999999988,-0.0200000000000102,5.1,-2474123.02,-98958.31,96.0,3.6,-0.0146000000000075,2187.0
NEG035_L3,NEG035,Mandi,31.5333,77.15,0,3,7,195,0.5300000000000011,4.329999999999998,99.0,-0.0799999999999983,-0.0899999999999892,5.1,-2177238.69,98936.69000000002,96.0,3.6,-0.3896999999999531,2187.0
NEG035_L6,NEG035,Mandi,31.5333,77.15,0,6,7,195,7.840000000000003,14.939999999999998,98.41,-0.0099999999999909,0.1200000000000045,5.1,-1880384.48,-98943.42,96.0,3.6,1.7928000000000677,2187.0
NEG035_L9,NEG035,Mandi,31.5333,77.15,0,9,7,195,2.030000000000001,4.430000000000007,98.41,0.1299999999999954,0.1899999999999977,5.1,-1583503.42,98946.41,96.0,3.6,0.8416999999999912,2187.0
NEG036_L0,NEG036,Kullu,31.5333,77.6167,0,0,6,164,-14.03,5.519999999999996,85.0,-0.019999999999996,-0.1999999999999886,0.2,-2474896.25,-98998.97,100.0,5.69,-1.1039999999999364,3332.0
NEG036_L3,NEG036,Kullu,31.5333,77.6167,0,3,6,163,0.5600000000000023,9.630000000000004,82.0,-0.1799999999999926,-0.269999999999996,0.2,-2177899.36,98998.33,100.0,5.69,-2.6000999999999626,3332.0
NEG036_L6,NEG036,Kullu,31.5333,77.6167,0,6,6,163,-12.18,21.29,73.0,-0.0900000000000034,-0.0100000000000051,0.2,-1880903.3300000003,-99000.0,100.0,5.69,-0.2129000000001089,3332.0
NEG036_L9,NEG036,Kullu,31.5333,77.6167,0,9,6,163,2.400000000000002,5.390000000000001,73.0,0.0799999999999983,0.1599999999999966,0.2,-1583909.99,98993.77999999998,100.0,5.69,0.8623999999999817,3332.0
NEG037_L0,NEG037,Shimla,31.1048,77.1734,0,0,8,227,-6.189999999999998,-0.6499999999999915,97.0,0.0100000000000051,-0.1299999999999954,2.2,-2474356.97,-98982.59999999998,100.0,3.58,0.0844999999999959,2195.0
NEG037_L3,NEG037,Shimla,31.1048,77.1734,0,3,8,226,-0.6000000000000085,-1.990000000000009,97.0,-0.1400000000000005,-0.1599999999999966,2.2,-2177394.1100000003,98997.06000000004,100.0,3.58,0.3183999999999947,2195.0
NEG037_L6,NEG037,Shimla,31.1048,77.1734,0,6,8,226,2.450000000000003,6.799999999999997,96.0,-0.019999999999996,0.1099999999999994,2.2,-1880410.25,-98995.57,100.0,3.58,0.7479999999999958,2195.0
NEG037_L9,NEG037,Shimla,31.1048,77.1734,0,9,8,226,1.5300000000000011,10.100000000000009,96.0,0.1299999999999954,0.2199999999999988,2.2,-1583424.12,98993.19,100.0,3.58,2.22199999999999,2195.0
NEG038_L0,NEG038,Kullu,32.0167,77.3333,0,0,7,201,4.0,0.0,100.0,-0.0,-0.0600000000000022,3.0,-2474785.66,-98998.1,100.0,3.54,-0.0,1744.0
NEG038_L3,NEG038,Kullu,32.0167,77.3333,0,3,7,200,0.0,2.219999999999999,100.0,-0.0600000000000022,-0.0700000000000002,3.0,-2177787.96,99000.1,100.0,3.54,-0.1554000000000005,1744.0
NEG038_L6,NEG038,Kullu,32.0167,77.3333,0,6,7,200,1.7800000000000011,12.379999999999995,100.0,-0.009999999999998,0.0600000000000022,3.0,-1880788.06,-99001.2,100.0,3.54,0.7428000000000279,1744.0
NEG038_L9,NEG038,Kullu,32.0167,77.3333,0,9,7,200,2.490000000000009,8.010000000000005,100.0,0.0700000000000002,0.1099999999999994,3.0,-1583789.2599999998,99002.6,100.0,3.54,0.881099999999996,1744.0
NEG039_L0,NEG039,Mandi,31.5333,77.15,0,0,6,171,8.379999999999995,-1.3299999999999983,79.71,-0.0100000000000051,-0.2300000000000039,0.3,-2474594.7,-98930.03,66.0,4.05,0.3059000000000049,2187.0
NEG039_L3,NEG039,Mandi,31.5333,77.15,0,3,6,170,5.679999999999993,25.789999999999992,79.71,-0.2199999999999988,-0.2300000000000039,0.2,-2177702.69,98998.09,59.0,4.05,-5.931700000000101,2187.0
NEG039_L6,NEG039,Mandi,31.5333,77.15,0,6,6,170,3.9200000000000017,20.940000000000005,68.0,-0.0100000000000051,0.2000000000000028,0.2,-1880723.94,-98994.65,59.0,4.05,4.18800000000006,2187.0
NEG039_L9,NEG039,Mandi,31.5333,77.15,0,9,6,170,1.4499999999999955,1.1299999999999957,68.0,0.2100000000000079,0.3299999999999983,0.2,-1583836.41,98973.31,59.0,4.05,0.3728999999999965,2187.0
NEG040_L0,NEG040,Kullu,32.2432,77.1892,0,0,9,256,-0.730000000000004,-3.140000000000001,90.2,0.0499999999999971,0.009999999999998,0.0,-2475000.0,-99000.0,49.0,4.26,-0.0313999999999937,1878.0
NEG040_L3,NEG040,Kullu,32.2432,77.1892,0,3,9,255,-2.7900000000000063,0.8299999999999983,90.2,-0.0399999999999991,-0.0300000000000011,0.0,-2178000.0,99000.0,49.0,4.26,-0.0249000000000008,1878.0
NEG040_L6,NEG040,Kullu,32.2432,77.1892,0,6,9,255,17.58,21.72,86.58,0.009999999999998,0.1300000000000025,0.0,-1881000.0,-99000.0,49.0,4.26,2.8236000000000554,1878.0
NEG040_L9,NEG040,Kullu,32.2432,77.1892,0,9,9,255,0.8599999999999994,7.109999999999999,77.0,0.1200000000000045,0.1200000000000045,0.0,-1584000.0,99000.0,49.0,4.26,0.8532000000000323,1878.0
NEG041_L0,NEG041,Kinnaur,32.5,78.6,0,0,8,213,-8.689999999999998,5.060000000000002,94.0,0.0100000000000051,-0.0899999999999963,2.0,-2474369.91,-98992.61,100.0,4.21,-0.4553999999999815,4443.0
NEG041_L3,NEG041,Kinnaur,32.5,78.6,0,3,7,212,5.219999999999999,11.090000000000003,94.0,-0.1000000000000014,-0.1499999999999985,2.0,-2177389.4000000004,98973.7,100.0,4.21,-1.6634999999999849,4443.0
NEG041_L6,NEG041,Kinnaur,32.5,78.6,0,6,7,212,-15.840000000000003,21.169999999999995,94.0,-0.0499999999999971,0.0300000000000011,1.5,-1880445.7,-98990.63999999998,100.0,4.21,0.6351000000000239,4443.0
NEG041_L9,NEG041,Kinnaur,32.5,78.6,0,9,7,212,1.4699999999999989,1.4500000000000028,94.0,0.0799999999999983,0.1899999999999977,1.5,-1583525.04,98947.3,100.0,4.21,0.2754999999999972,4443.0
NEG042_L0,NEG042,Mandi,31.79,76.96,0,0,7,201,10.0,1.230000000000004,100.0,0.019999999999996,-0.0600000000000022,0.1,-2473744.95,-98945.65,90.0,4.11,-0.073800000000003,1472.0
NEG042_L3,NEG042,Mandi,31.79,76.96,0,3,7,200,0.289999999999992,6.920000000000002,98.77,-0.0799999999999983,-0.0799999999999983,0.1,-2176909.16,98943.62,86.0,4.11,-0.5535999999999883,1472.0
NEG042_L6,NEG042,Mandi,31.79,76.96,0,6,7,200,11.849999999999994,17.929999999999993,95.52,-0.0,0.0900000000000034,0.1,-1880072.14,-98984.21000000002,86.0,4.11,1.6137000000000603,1472.0
NEG042_L9,NEG042,Mandi,31.79,76.96,0,9,7,200,2.210000000000008,5.390000000000001,95.52,0.0900000000000034,0.1299999999999954,0.1,-1583347.71,98840.30999999998,72.0,4.11,0.7006999999999756,1472.0
NEG043_L0,NEG043,Kullu,32.2432,77.1892,0,0,8,231,5.0,0.0,100.0,0.0399999999999991,0.019999999999996,0.2,-2474802.1700000004,-98986.75,100.0,5.13,0.0,1878.0
NEG043_L3,NEG043,Kullu,32.2432,77.1892,0,3,8,230,0.0,3.239999999999995,100.0,-0.0200000000000031,-0.009999999999998,0.2,-2177853.48,98993.79,100.0,5.13,-0.0323999999999935,1878.0
NEG043_L6,NEG043,Kullu,32.2432,77.1892,0,6,8,230,13.760000000000003,17.03,100.0,0.0100000000000051,0.0900000000000034,0.2,-1880893.69,-98988.39,100.0,5.13,1.532700000000058,1878.0
NEG043_L9,NEG043,Kullu,32.2432,77.1892,0,9,8,230,0.3800000000000096,0.9300000000000068,100.0,0.0799999999999983,0.1299999999999954,0.2,-1583921.96,98990.09,100.0,5.13,0.1208999999999966,1878.0
NEG044_L0,NEG044,Kullu,32.0167,77.3333,0,0,7,208,0.269999999999996,-12.560000000000002,100.0,0.0600000000000022,0.0200000000000031,1.3,-2474327.54,-98994.48,100.0,5.19,-0.2512000000000393,1744.0
NEG044_L3,NEG044,Kullu,32.0167,77.3333,0,3,7,207,0.4500000000000028,0.1099999999999994,100.0,-0.0399999999999991,-0.1200000000000045,1.3,-2177345.04,98978.99,100.0,5.19,-0.0132000000000004,1744.0
NEG044_L6,NEG044,Kullu,32.0167,77.3333,0,6,7,207,26.72,10.480000000000004,100.0,-0.0800000000000054,-0.0100000000000051,1.3,-1880384.59,-98978.97,100.0,5.19,-0.1048000000000536,1744.0
NEG044_L9,NEG044,Kullu,32.0167,77.3333,0,9,7,207,2.219999999999999,3.719999999999999,100.0,0.0700000000000002,0.1000000000000014,1.3,-1583434.8199999998,98988.23999999998,100.0,5.19,0.3720000000000051,1744.0
NEG045_L0,NEG045,Shimla,31.452,77.633,0,0,8,218,14.0,0.0,100.0,0.0799999999999983,-0.0,5.5,-2474232.54,-98972.16000000005,100.0,5.74,-0.0,941.0
NEG045_L3,NEG045,Shimla,31.452,77.633,0,3,8,217,0.0,1.9899999999999949,100.0,-0.0799999999999983,-0.1500000000000056,5.5,-2177339.16,98978.24,100.0,5.74,-0.2985000000000105,941.0
NEG045_L6,NEG045,Shimla,31.452,77.633,0,6,8,217,13.010000000000003,16.980000000000004,100.0,-0.0700000000000073,-0.0500000000000113,5.5,-1880432.5,-98971.86000000002,100.0,5.74,-0.8490000000001933,941.0
NEG045_L9,NEG045,Shimla,31.452,77.633,0,9,8,217,1.6899999999999975,5.570000000000007,100.0,0.019999999999996,0.0499999999999971,5.5,-1583512.74,98965.38,100.0,5.74,0.2784999999999845,941.0
NEG046_L0,NEG046,Kangra,32.219,76.3234,0,0,9,260,-4.659999999999997,-5.450000000000003,86.0,0.0100000000000051,-0.0799999999999983,0.2,-2474999.7,-99000.0,36.0,3.28,0.4359999999999909,1316.0
NEG046_L3,NEG046,Kangra,32.219,76.3234,0,3,9,259,-1.6299999999999957,-0.539999999999992,86.0,-0.0900000000000034,-0.0999999999999943,0.2,-2177999.7,99000.0,36.0,3.28,0.0539999999999961,1316.0
NEG046_L6,NEG046,Kangra,32.219,76.3234,0,6,9,259,8.329999999999998,24.28,84.33,-0.0099999999999909,0.1700000000000017,0.2,-1880999.7,-99000.0,36.0,3.28,4.127600000000042,1316.0
NEG046_L9,NEG046,Kangra,32.219,76.3234,0,9,9,259,1.5899999999999963,1.8999999999999984,82.0,0.1799999999999926,0.3100000000000023,0.2,-1583999.7000000002,98999.8,28.0,3.28,0.5890000000000039,1316.0
NEG047_L0,NEG047,Mandi,31.79,76.96,0,0,6,160,-8.819999999999993,5.8700000000000045,78.0,0.0900000000000034,0.0400000000000062,0.3,-2474999.6,-99000.0,24.0,5.57,0.2348000000000369,1472.0
NEG047_L3,NEG047,Mandi,31.79,76.96,0,3,6,159,2.8100000000000023,-0.9299999999999996,78.0,-0.0499999999999971,0.0099999999999909,0.3,-2177999.6,99000.0,24.0,5.57,-0.0092999999999915,1472.0
NEG047_L6,NEG047,Mandi,31.79,76.96,0,6,6,159,24.24,26.690000000000005,78.0,0.059999999999988,0.1699999999999875,0.3,-1880999.6,-99000.0,24.0,5.57,4.537299999999667,1472.0
NEG047_L9,NEG047,Mandi,31.79,76.96,0,9,6,159,-0.8500000000000014,-3.68,78.0,0.1099999999999994,0.1500000000000056,0.3,-1583999.6,99000.4,24.0,5.57,-0.5520000000000209,1472.0
NEG048_L0,NEG048,Kullu,31.92,77.05,0,0,9,256,-12.620000000000005,-0.4600000000000079,86.0,0.019999999999996,-0.0699999999999931,0.2,-2474999.3000000003,-99000.0,47.0,3.91,0.0321999999999974,2208.0
NEG048_L3,NEG048,Kullu,31.92,77.05,0,3,9,255,-0.2999999999999971,-1.019999999999996,86.0,-0.0899999999999892,-0.0499999999999971,0.2,-2177999.3,99000.0,47.0,3.91,0.0509999999999969,2208.0
NEG048_L6,NEG048,Kullu,31.92,77.05,0,6,9,255,4.859999999999999,21.99,81.0,0.039999999999992,0.2000000000000028,0.2,-1880999.3,-99000.0,47.0,3.91,4.398000000000063,2208.0
NEG048_L9,NEG048,Kullu,31.92,77.05,0,9,9,255,1.2999999999999972,2.269999999999996,81.0,0.1600000000000108,0.1899999999999977,0.2,-1583999.2999999998,99000.1,47.0,3.91,0.4312999999999941,2208.0
NEG049_L0,NEG049,Kinnaur,31.5796,78.2803,0,0,7,198,8.200000000000003,-1.1499999999999917,98.11,-0.0300000000000011,-0.0499999999999971,1.1,-2473958.28,-98963.51000000002,100.0,4.82,0.0574999999999963,2220.0
NEG049_L3,NEG049,Kinnaur,31.5796,78.2803,0,3,7,197,-2.3500000000000085,3.919999999999988,98.11,-0.019999999999996,-0.0099999999999909,1.1,-2177058.25,98982.97000000002,100.0,4.82,-0.0391999999999642,2220.0
NEG049_L6,NEG049,Kinnaur,31.5796,78.2803,0,6,7,197,20.430000000000007,11.240000000000007,98.11,0.0100000000000051,-0.0,1.1,-1880129.82,-98991.6,100.0,4.82,-0.0,2220.0
NEG049_L9,NEG049,Kinnaur,31.5796,78.2803,0,9,7,197,1.4200000000000017,4.519999999999996,98.11,-0.0100000000000051,-0.0100000000000051,1.1,-1583226.94,98859.38,100.0,4.82,-0.045200000000023,2220.0
NEG050_L0,NEG050,Mandi,31.5333,77.15,0,0,9,269,8.400000000000006,1.3500000000000083,98.0,0.0700000000000073,-0.0,0.8,-2474997.0,-99000.0,100.0,4.07,-0.0,2187.0
NEG050_L3,NEG050,Mandi,31.5333,77.15,0,3,9,268,-0.9000000000000057,-0.960000000000008,98.0,-0.0700000000000073,-0.1700000000000017,0.8,-2177997.0,99000.0,100.0,4.07,0.1632000000000029,2187.0
NEG050_L6,NEG050,Mandi,31.5333,77.15,0,6,9,268,6.010000000000005,19.83,97.01,-0.0999999999999943,0.0799999999999983,0.8,-1880997.0,-99000.0,100.0,4.07,1.586399999999966,2187.0
NEG050_L9,NEG050,Mandi,31.5333,77.15,0,9,9,268,3.440000000000012,4.13000000000001,89.69,0.1799999999999926,0.3199999999999932,0.8,-1583997.0,99000.1,100.0,4.07,1.321599999999975,2187.0
NEG051_L0,NEG051,Kinnaur,31.4167,78.2667,0,0,9,251,13.0,5.609999999999999,100.0,0.019999999999996,-0.0600000000000022,0.1,-2474807.49,-98990.31,100.0,4.25,-0.3366000000000127,2612.0
NEG051_L3,NEG051,Kinnaur,31.4167,78.2667,0,3,9,250,0.5100000000000051,0.2900000000000062,100.0,-0.0799999999999983,-0.1800000000000068,0.1,-2177916.78,99037.11000000002,100.0,4.25,-0.0522000000000031,2612.0
NEG051_L6,NEG051,Kinnaur,31.4167,78.2667,0,6,9,250,32.099999999999994,34.92999999999999,100.0,-0.1000000000000085,-0.0300000000000011,0.1,-1880968.97,-99000.01,100.0,4.25,-1.0479000000000396,2612.0
NEG051_L9,NEG051,Kinnaur,31.4167,78.2667,0,9,9,250,3.3599999999999994,7.530000000000001,100.0,0.0700000000000073,0.1200000000000045,0.1,-1583968.98,98999.89000000004,100.0,4.25,0.9036000000000344,2612.0
NEG052_L0,NEG052,Kinnaur,32.5,78.6,0,0,8,233,7.680000000000007,4.420000000000002,97.37,0.0399999999999991,-0.0399999999999991,2.2,-2474773.93,-98997.5,100.0,5.94,-0.1767999999999963,4443.0
NEG052_L3,NEG052,Kinnaur,32.5,78.6,0,3,8,232,2.6099999999999994,13.02000000000001,97.37,-0.0799999999999983,-0.2000000000000028,2.2,-2177778.91,99000.30999999995,100.0,5.94,-2.604000000000039,4443.0
NEG052_L6,NEG052,Kinnaur,32.5,78.6,0,6,8,232,9.239999999999997,19.25,97.37,-0.1200000000000045,-0.1000000000000014,2.2,-1880781.04,-99002.11999999998,100.0,5.94,-1.9250000000000267,4443.0
NEG052_L9,NEG052,Kinnaur,32.5,78.6,0,9,8,232,0.8400000000000034,-2.68,97.37,0.0200000000000031,-0.009999999999998,1.7,-1583785.44,98984.81000000004,100.0,5.94,0.0267999999999946,4443.0
NEG053_L0,NEG053,Kullu,31.9578,77.1095,0,0,6,170,-4.299999999999997,-0.3900000000000005,92.98,0.0300000000000011,-0.039999999999992,0.2,-2474996.56,-99000.0,99.0,5.9,0.0155999999999969,1229.0
NEG053_L3,NEG053,Kullu,31.9578,77.1095,0,3,6,169,0.5700000000000074,14.38000000000001,92.98,-0.0699999999999931,-0.0799999999999983,0.2,-2177996.56,99000.2,99.0,5.9,-1.1503999999999763,1229.0
NEG053_L6,NEG053,Kullu,31.9578,77.1095,0,6,6,169,-3.2900000000000063,16.57999999999999,92.98,-0.0100000000000051,0.039999999999992,0.2,-1880996.76,-99000.0,99.0,5.9,0.6631999999998677,1229.0
NEG053_L9,NEG053,Kullu,31.9578,77.1095,0,9,6,169,2.760000000000005,9.260000000000003,92.98,0.0499999999999971,0.1400000000000005,0.2,-1583996.76,99000.0,99.0,5.9,1.296400000000006,1229.0
NEG054_L0,NEG054,Mandi,31.5333,77.15,0,0,9,266,-1.9000000000000057,-1.4100000000000108,98.0,0.0100000000000051,-0.1200000000000045,0.4,-2474996.97,-98998.47,57.0,3.81,0.1692000000000077,2187.0
NEG054_L3,NEG054,Mandi,31.5333,77.15,0,3,9,265,2.8400000000000034,2.3299999999999983,98.0,-0.1300000000000096,-0.1500000000000056,0.4,-2177998.5,99000.0,57.0,3.81,-0.3495000000000129,2187.0
NEG054_L6,NEG054,Mandi,31.5333,77.15,0,6,9,265,-6.819999999999993,20.77000000000001,97.0,-0.019999999999996,0.1200000000000045,0.4,-1880998.5,-99000.0,57.0,3.81,2.492400000000096,2187.0
NEG054_L9,NEG054,Mandi,31.5333,77.15,0,9,9,265,2.25,5.409999999999997,83.68,0.1400000000000005,0.2600000000000051,0.4,-1583998.5,99000.1,57.0,3.81,1.4066000000000267,2187.0
NEG055_L0,NEG055,Kullu,32.0167,77.3333,0,0,9,263,-11.849999999999994,-1.9699999999999989,87.0,0.0500000000000042,0.0600000000000022,0.3,-2474999.1,-99000.0,47.0,5.16,-0.1182000000000044,1744.0
NEG055_L3,NEG055,Kullu,32.0167,77.3333,0,3,9,262,-3.5999999999999943,-1.9399999999999973,87.0,0.009999999999998,-0.0100000000000051,0.3,-2177999.1,99000.1,47.0,5.16,0.0194000000000099,1744.0
NEG055_L6,NEG055,Kullu,32.0167,77.3333,0,6,9,262,-1.9399999999999973,23.90000000000001,87.0,-0.0200000000000031,0.0300000000000011,0.3,-1880999.2,-99000.0,33.0,5.16,0.7170000000000274,1744.0
NEG055_L9,NEG055,Kullu,32.0167,77.3333,0,9,9,262,3.0,6.879999999999996,87.0,0.0500000000000042,0.0800000000000054,0.3,-1583999.2000000002,99000.0,33.0,5.16,0.5504000000000367,1744.0
NEG056_L0,NEG056,Mandi,31.79,76.96,0,0,7,189,-11.97,3.1200000000000045,93.0,0.019999999999996,-0.0800000000000125,0.1,-2474999.9,-99000.0,78.0,5.37,-0.2496000000000393,1472.0
NEG056_L3,NEG056,Mandi,31.79,76.96,0,3,7,188,-0.75,4.599999999999994,92.0,-0.1000000000000085,-0.1099999999999994,0.1,-2177999.9,99000.0,78.0,5.37,-0.5059999999999968,1472.0
NEG056_L6,NEG056,Mandi,31.79,76.96,0,6,7,188,0.3100000000000023,23.64,89.0,-0.0099999999999909,0.0800000000000125,0.1,-1880999.9,-99000.0,78.0,5.37,1.891200000000296,1472.0
NEG056_L9,NEG056,Mandi,31.79,76.96,0,9,7,188,1.1099999999999994,2.890000000000001,89.0,0.0900000000000034,0.1700000000000017,0.1,-1583999.9,99000.0,78.0,5.37,0.491300000000005,1472.0
NEG057_L0,NEG057,Shimla,31.45,77.65,0,0,6,177,14.680000000000009,-2.559999999999988,80.61,0.0200000000000102,-0.0899999999999892,0.0,-2474996.6,-98999.63999999998,34.0,6.3,0.2303999999999712,1166.0
NEG057_L3,NEG057,Shimla,31.45,77.65,0,3,6,176,-1.5600000000000025,9.539999999999992,80.61,-0.1099999999999994,-0.1300000000000096,0.0,-2177997.3200000003,98999.69,34.0,6.3,-1.2402000000000912,1166.0
NEG057_L6,NEG057,Shimla,31.45,77.65,0,6,6,176,20.700000000000003,25.010000000000005,80.61,-0.0200000000000102,0.0899999999999892,0.0,-1880997.87,-98999.36,34.0,6.3,2.2508999999997306,1166.0
NEG057_L9,NEG057,Shimla,31.45,77.65,0,9,6,176,1.5,4.309999999999999,80.61,0.1099999999999994,0.2000000000000028,0.0,-1583999.55,99000.16999999998,21.0,6.3,0.862000000000012,1166.0
NEG058_L0,NEG058,Kullu,32.1167,77.3333,0,0,8,222,3.0,0.0,100.0,0.0300000000000011,-0.0300000000000011,1.4,-2474732.9800000004,-98999.85,100.0,4.99,-0.0,3324.0
NEG058_L3,NEG058,Kullu,32.1167,77.3333,0,3,8,221,0.0,0.4099999999999966,100.0,-0.0600000000000022,-0.0500000000000042,1.4,-2177733.43,98999.53,100.0,4.99,-0.0205000000000015,3324.0
NEG058_L6,NEG058,Kullu,32.1167,77.3333,0,6,8,221,11.590000000000003,14.540000000000006,100.0,0.009999999999998,0.0499999999999971,1.4,-1880734.3,-98999.82999999996,100.0,4.99,0.726999999999959,3324.0
NEG058_L9,NEG058,Kullu,32.1167,77.3333,0,9,8,221,1.7000000000000028,5.5,100.0,0.0399999999999991,0.1200000000000045,1.4,-1583736.43,98994.97999999998,100.0,4.99,0.660000000000025,3324.0
NEG059_L0,NEG059,Kinnaur,31.4167,78.2667,0,0,9,262,11.14,2.3400000000000034,94.14,0.0600000000000022,0.0100000000000051,0.3,-2474939.27,-98966.1,97.0,4.17,0.023400000000012,2612.0
NEG059_L3,NEG059,Kinnaur,31.4167,78.2667,0,3,9,261,2.390000000000001,7.840000000000003,91.8,-0.0499999999999971,-0.0999999999999943,0.3,-2177991.29,99001.57999999996,88.0,4.17,-0.7839999999999557,2612.0
NEG059_L6,NEG059,Kinnaur,31.4167,78.2667,0,6,9,261,28.96,30.45,89.0,-0.0499999999999971,0.0499999999999971,0.3,-1880998.79,-98999.44999999998,66.0,4.17,1.5224999999999131,2612.0
NEG059_L9,NEG059,Kinnaur,31.4167,78.2667,0,9,9,261,3.82,10.03,89.0,0.0999999999999943,0.1799999999999926,0.3,-1583999.52,98999.80999999998,66.0,4.17,1.8053999999999264,2612.0
NEG060_L0,NEG060,Mandi,31.79,76.96,0,0,7,191,-11.14,-9.810000000000002,100.0,0.1799999999999926,0.1499999999999914,1.4,-2472951.2500000005,-98903.33000000002,100.0,4.09,-1.4714999999999168,1472.0
NEG060_L3,NEG060,Mandi,31.79,76.96,0,3,7,190,-2.299999999999997,1.1099999999999994,100.0,-0.0300000000000011,-0.0699999999999931,1.4,-2176191.8000000003,98840.66,100.0,4.09,-0.0776999999999923,1472.0
NEG060_L6,NEG060,Mandi,31.79,76.96,0,6,7,190,-1.4399999999999975,7.870000000000003,99.0,-0.039999999999992,-0.0499999999999971,1.4,-1879596.82,-98939.8,100.0,4.09,-0.3934999999999778,1472.0
NEG060_L9,NEG060,Mandi,31.79,76.96,0,9,7,190,1.9099999999999968,7.579999999999998,99.0,-0.0100000000000051,0.0499999999999971,1.3,-1582821.32,98697.06,100.0,4.09,0.3789999999999783,1472.0
NEG061_L0,NEG061,Kullu,32.2432,77.1892,0,0,6,168,11.14,3.760000000000005,99.52,0.0500000000000042,-0.0,0.7,-2474998.5,-99000.0,85.0,6.15,-0.0,1878.0
NEG061_L3,NEG061,Kullu,32.2432,77.1892,0,3,6,167,1.1199999999999903,9.829999999999998,99.52,-0.0500000000000042,-0.0900000000000034,0.7,-2177998.5,99000.0,63.0,6.15,-0.8847000000000333,1878.0
NEG061_L6,NEG061,Kullu,32.2432,77.1892,0,6,6,167,15.549999999999995,22.71,99.52,-0.0399999999999991,0.009999999999998,0.7,-1880998.5,-99001.0,63.0,6.15,0.2270999999999547,1878.0
NEG061_L9,NEG061,Kullu,32.2432,77.1892,0,9,6,167,2.230000000000004,5.780000000000001,99.52,0.0499999999999971,0.1000000000000014,0.2,-1583999.5,98999.9,63.0,6.15,0.5780000000000083,1878.0
NEG062_L0,NEG062,Shimla,31.452,77.633,0,0,8,233,2.0,0.0,100.0,0.0499999999999971,0.0700000000000073,1.0,-2472891.48,-98957.58,100.0,4.43,0.0,941.0
NEG062_L3,NEG062,Shimla,31.452,77.633,0,3,8,232,0.0,0.8400000000000034,100.0,0.0200000000000102,0.0300000000000011,1.0,-2176043.76,98802.4,100.0,4.43,0.025200000000001,941.0
NEG062_L6,NEG062,Shimla,31.452,77.633,0,6,8,232,6.159999999999997,16.159999999999997,100.0,0.0099999999999909,0.059999999999988,1.0,-1879367.06,-98798.39,100.0,4.43,0.9695999999998068,941.0
NEG062_L9,NEG062,Shimla,31.452,77.633,0,9,8,232,3.1700000000000017,6.049999999999997,100.0,0.0499999999999971,0.0799999999999983,1.0,-1583044.35,98899.75,100.0,4.43,0.4839999999999894,941.0
NEG063_L0,NEG063,Kullu,31.92,77.05,0,0,6,179,12.170000000000002,-3.239999999999995,94.0,0.0099999999999909,-0.1299999999999954,1.4,-2472898.62,-98971.08,100.0,3.39,0.4211999999999846,2208.0
NEG063_L3,NEG063,Kullu,31.92,77.05,0,3,6,178,-0.25,8.569999999999993,94.0,-0.1399999999999863,-0.1199999999999903,1.4,-2176016.94,98926.19,100.0,3.39,-1.0283999999999165,2208.0
NEG063_L6,NEG063,Kullu,31.92,77.05,0,6,6,178,-12.159999999999997,13.439999999999998,94.0,0.019999999999996,0.059999999999988,1.4,-1879209.75,-98950.34,100.0,3.39,0.8063999999998395,2208.0
NEG063_L9,NEG063,Kullu,31.92,77.05,0,9,6,178,3.720000000000006,8.850000000000009,94.0,0.039999999999992,0.0600000000000022,1.4,-1582442.5699999998,98848.88,100.0,3.39,0.5310000000000207,2208.0
NEG064_L0,NEG064,Kangra,32.219,76.3234,0,0,9,259,1.1299999999999957,-9.25,96.0,0.0899999999999892,0.0799999999999983,0.4,-2474992.53,-98999.89,100.0,3.13,-0.7399999999999842,1316.0
NEG064_L3,NEG064,Kangra,32.219,76.3234,0,3,9,258,-3.1500000000000057,-3.640000000000001,96.0,-0.0099999999999909,-0.019999999999996,0.4,-2177992.8000000003,98999.75,100.0,3.13,0.0727999999999855,1316.0
NEG064_L6,NEG064,Kangra,32.219,76.3234,0,6,9,258,0.019999999999996,24.27,96.0,-0.0100000000000051,0.0600000000000022,0.4,-1880993.21,-99000.4,100.0,3.13,1.456200000000055,1316.0
NEG064_L9,NEG064,Kangra,32.219,76.3234,0,9,9,258,1.9099999999999968,5.719999999999999,87.0,0.0700000000000073,0.1500000000000056,0.2,-1583995.35,98999.01,100.0,3.13,0.8580000000000323,1316.0
NEG065_L0,NEG065,Kullu,31.6333,77.35,0,0,8,226,7.0,0.0799999999999983,100.0,-0.0500000000000113,-0.1500000000000056,7.8,-2473772.8000000007,-98852.83,100.0,4.48,-0.0120000000000002,1677.0
NEG065_L3,NEG065,Kullu,31.6333,77.35,0,3,8,225,-0.039999999999992,0.710000000000008,99.96,-0.0999999999999943,-0.1400000000000005,7.8,-2177049.45,98927.4,100.0,4.48,-0.0994000000000015,1677.0
NEG065_L6,NEG065,Kullu,31.6333,77.35,0,6,8,225,2.2099999999999937,11.429999999999993,99.8,-0.0400000000000062,0.019999999999996,7.8,-1880365.49,-98943.02999999998,100.0,4.48,0.2285999999999543,1677.0
NEG065_L9,NEG065,Kullu,31.6333,77.35,0,9,8,225,3.390000000000001,6.570000000000007,99.8,0.0600000000000022,0.1300000000000096,7.8,-1583629.18,98943.77,100.0,4.48,0.8541000000000645,1677.0
NEG066_L0,NEG066,Shimla,31.45,77.65,0,0,7,201,3.0,0.0,100.0,0.0499999999999971,-0.039999999999992,0.3,-2474282.2099999995,-98979.46,100.0,3.51,-0.0,1166.0
NEG066_L3,NEG066,Shimla,31.45,77.65,0,3,7,200,0.0,1.2999999999999972,100.0,-0.0899999999999892,-0.1299999999999954,0.3,-2177367.11,98980.04,100.0,3.51,-0.1689999999999937,1166.0
NEG066_L6,NEG066,Shimla,31.45,77.65,0,6,7,200,12.700000000000005,10.439999999999998,100.0,-0.0400000000000062,0.0300000000000011,0.2,-1880458.75,-98985.25,100.0,3.51,0.3132000000000118,1166.0
NEG066_L9,NEG066,Shimla,31.45,77.65,0,9,7,200,3.0799999999999983,7.090000000000003,100.0,0.0700000000000073,0.1700000000000017,0.2,-1583495.04,98976.73000000004,100.0,3.51,1.2053000000000127,1166.0
NEG067_L0,NEG067,Kullu,32.0333,77.3333,0,0,8,235,8.0,0.0,100.0,0.0499999999999971,-0.0700000000000002,0.3,-2474835.5300000003,-98997.53,100.0,3.81,-0.0,2398.0
NEG067_L3,NEG067,Kullu,32.0333,77.3333,0,3,8,234,0.0,2.2900000000000063,100.0,-0.1199999999999974,-0.1400000000000005,0.3,-2177841.16,98998.75,100.0,3.81,-0.3206000000000021,2398.0
NEG067_L6,NEG067,Kullu,32.0333,77.3333,0,6,8,234,12.709999999999994,16.319999999999993,100.0,-0.0200000000000031,0.0799999999999983,0.3,-1880845.5300000005,-98998.85,100.0,3.81,1.3055999999999717,2398.0
NEG067_L9,NEG067,Kullu,32.0333,77.3333,0,9,8,234,1.9099999999999968,5.719999999999999,100.0,0.1000000000000014,0.1500000000000056,0.2,-1583850.7800000005,98999.36,100.0,3.81,0.8580000000000323,2398.0
NEG068_L0,NEG068,Shimla,31.1048,77.1734,0,0,9,253,-9.040000000000006,-2.910000000000011,99.0,-0.0100000000000051,-0.1200000000000045,0.3,-2474999.2,-99000.0,100.0,4.69,0.3492000000000145,2195.0
NEG068_L3,NEG068,Shimla,31.1048,77.1734,0,3,9,252,0.0700000000000073,-0.9099999999999966,99.0,-0.1099999999999994,-0.1200000000000045,0.3,-2177999.2,99000.0,100.0,4.69,0.1092000000000037,2195.0
NEG068_L6,NEG068,Shimla,31.1048,77.1734,0,6,9,252,6.780000000000001,21.14,99.0,-0.0100000000000051,0.1700000000000017,0.3,-1880999.2,-99000.0,100.0,4.69,3.5938000000000363,2195.0
NEG068_L9,NEG068,Shimla,31.1048,77.1734,0,9,9,252,2.1299999999999955,3.86,99.0,0.1800000000000068,0.3100000000000023,0.3,-1583999.2,98999.9,62.0,4.69,1.1966000000000083,2195.0
NEG069_L0,NEG069,Kullu,31.7667,77.3333,0,0,7,200,12.459999999999994,-4.6000000000000085,100.0,-0.0,-0.0499999999999971,2.4,-2473946.74,-98992.02,100.0,2.87,0.2299999999999873,1872.0
NEG069_L3,NEG069,Kullu,31.7667,77.3333,0,3,7,199,-4.069999999999993,-4.859999999999999,100.0,-0.0499999999999971,-0.0700000000000002,2.4,-2176961.62,98998.66,100.0,2.87,0.3402000000000013,1872.0
NEG069_L6,NEG069,Kullu,31.7667,77.3333,0,6,7,199,21.92,14.460000000000008,100.0,-0.0200000000000031,0.0700000000000002,2.4,-1879967.92,-98999.71,100.0,2.87,1.0122000000000049,1872.0
NEG069_L9,NEG069,Kullu,31.7667,77.3333,0,9,7,199,2.719999999999999,-0.220000000000013,100.0,0.0900000000000034,0.1200000000000045,2.4,-1582974.69,98987.04000000002,100.0,2.87,-0.0264000000000025,1872.0
NEG070_L0,NEG070,Kullu,32.0333,77.3333,0,0,8,240,5.590000000000003,-1.4099999999999966,100.0,0.0600000000000022,-0.0,0.6,-2474843.25,-98990.21,98.0,4.42,0.0,2398.0
NEG070_L3,NEG070,Kullu,32.0333,77.3333,0,3,8,239,0.0,0.0799999999999983,100.0,-0.0600000000000022,-0.1000000000000014,0.6,-2177880.1,98977.83,80.0,4.42,-0.0079999999999999,2398.0
NEG070_L6,NEG070,Kullu,32.0333,77.3333,0,6,8,239,18.92,20.67,100.0,-0.0399999999999991,0.019999999999996,0.6,-1880937.85,-98985.30999999998,80.0,4.42,0.4133999999999178,2398.0
NEG070_L9,NEG070,Kullu,32.0333,77.3333,0,9,8,239,2.0999999999999943,6.890000000000001,100.0,0.0599999999999951,0.0599999999999951,0.6,-1583980.06,99003.35,80.0,4.42,0.4133999999999667,2398.0
NEG071_L0,NEG071,Kullu,32.0167,77.3333,0,0,6,177,12.200000000000005,2.019999999999996,100.0,0.009999999999998,-0.1000000000000014,0.2,-2474999.3000000003,-99000.0,88.0,5.21,-0.2020000000000024,1744.0
NEG071_L3,NEG071,Kullu,32.0167,77.3333,0,3,6,176,1.480000000000004,12.400000000000006,100.0,-0.1099999999999994,-0.1099999999999994,0.2,-2177999.3,99000.0,63.0,5.21,-1.3639999999999937,1744.0
NEG071_L6,NEG071,Kullu,32.0167,77.3333,0,6,6,176,8.780000000000001,21.200000000000003,100.0,-0.0,0.0499999999999971,0.2,-1880999.3,-99000.2,63.0,5.21,1.05999999999994,1744.0
NEG071_L9,NEG071,Kullu,32.0167,77.3333,0,9,6,176,5.960000000000001,18.11,100.0,0.0499999999999971,0.0399999999999991,0.2,-1583999.5,99000.1,63.0,5.21,0.7243999999999845,1744.0
NEG072_L0,NEG072,Shimla,31.45,77.65,0,0,9,267,0.1899999999999977,-1.6500000000000057,99.43,0.1099999999999994,0.0799999999999983,0.7,-2474754.3,-99000.96000000002,92.0,3.57,-0.1319999999999976,1166.0
NEG072_L3,NEG072,Shimla,31.45,77.65,0,3,9,266,0.6300000000000097,4.230000000000004,99.43,-0.0300000000000011,-0.0600000000000022,0.7,-2177761.84,98982.75,92.0,3.57,-0.2538000000000098,1166.0
NEG072_L6,NEG072,Shimla,31.45,77.65,0,6,9,266,5.609999999999999,27.39,99.43,-0.0300000000000011,0.0999999999999943,0.7,-1880792.23,-98982.01,92.0,3.57,2.7389999999998444,1166.0
NEG072_L9,NEG072,Shimla,31.45,77.65,0,9,9,266,0.8799999999999955,1.3199999999999932,99.43,0.1299999999999954,0.2599999999999909,0.7,-1583828.5,98971.64,92.0,3.57,0.3431999999999862,1166.0
NEG073_L0,NEG073,Kinnaur,31.5796,78.2803,0,0,9,251,9.579999999999998,-5.040000000000006,99.02,0.0300000000000011,-0.0600000000000022,0.4,-2474487.21,-99000.35,100.0,5.38,0.3024000000000118,2220.0
NEG073_L3,NEG073,Kinnaur,31.5796,78.2803,0,3,9,250,-1.4599999999999935,-2.1799999999999926,99.02,-0.0900000000000034,-0.1700000000000017,0.4,-2177489.9200000004,98988.39,100.0,5.38,0.3706000000000025,2220.0
NEG073_L6,NEG073,Kinnaur,31.5796,78.2803,0,6,9,250,26.8,14.739999999999997,98.8,-0.0799999999999983,0.019999999999996,0.4,-1880508.57,-98991.37,100.0,5.38,0.2947999999999412,2220.0
NEG073_L9,NEG073,Kinnaur,31.5796,78.2803,0,9,9,250,3.710000000000008,6.939999999999998,98.0,0.0999999999999943,0.1700000000000017,0.2,-1583574.32,98960.58,100.0,5.38,1.1798000000000115,2220.0
NEG074_L0,NEG074,Kullu,31.9578,77.1095,0,0,6,175,0.0799999999999983,-3.489999999999995,92.0,-0.0200000000000102,-0.2100000000000079,0.4,-2474903.3200000003,-98985.02000000002,45.0,5.03,0.7329000000000268,1229.0
NEG074_L3,NEG074,Kullu,31.9578,77.1095,0,3,6,174,0.1599999999999966,13.669999999999987,92.0,-0.1899999999999977,-0.2299999999999897,0.4,-2177922.42,98993.83000000002,45.0,5.03,-3.1440999999998573,1229.0
NEG074_L6,NEG074,Kullu,31.9578,77.1095,0,6,6,174,7.900000000000006,21.130000000000003,92.0,-0.039999999999992,0.0400000000000062,0.4,-1880933.09,-98995.34,45.0,5.03,0.8452000000001322,1229.0
NEG074_L9,NEG074,Kullu,31.9578,77.1095,0,9,6,174,1.6000000000000014,5.5,92.0,0.0799999999999983,0.1599999999999966,0.0,-1583949.61,98985.29,36.0,5.03,0.8799999999999812,1229.0
NEG075_L0,NEG075,Shimla,31.452,77.633,0,0,8,236,15.0,0.0,100.0,0.0100000000000051,-0.0999999999999943,1.9,-2474846.4200000004,-98980.78,100.0,4.03,-0.0,941.0
NEG075_L3,NEG075,Shimla,31.452,77.633,0,3,8,235,0.0,2.6299999999999955,100.0,-0.1099999999999994,-0.1200000000000045,1.9,-2177899.3000000003,98995.57,100.0,4.03,-0.3156000000000114,941.0
NEG075_L6,NEG075,Shimla,31.452,77.633,0,6,8,235,19.370000000000005,23.450000000000003,100.0,-0.0100000000000051,0.0999999999999943,1.9,-1880936.45,-98988.99,100.0,4.03,2.344999999999867,941.0
NEG075_L9,NEG075,Shimla,31.452,77.633,0,9,8,235,2.6500000000000057,5.3500000000000085,100.0,0.1099999999999994,0.1700000000000017,0.1,-1583965.52,98998.47,100.0,4.03,0.9095000000000104,941.0
NEG076_L0,NEG076,Kullu,32.0167,77.3333,0,0,6,178,17.08,1.1499999999999917,99.2,0.0600000000000022,-0.0300000000000011,0.4,-2474927.8399999994,-98991.64,98.0,4.94,-0.034500000000001,1744.0
NEG076_L3,NEG076,Kullu,32.0167,77.3333,0,3,6,177,0.8300000000000125,8.38000000000001,99.2,-0.0900000000000034,-0.0900000000000034,0.4,-2177948.84,98997.76,98.0,4.94,-0.7542000000000294,1744.0
NEG076_L6,NEG076,Kullu,32.0167,77.3333,0,6,6,177,7.549999999999997,18.16,99.2,-0.0,0.0800000000000054,0.4,-1880958.04,-98997.2,98.0,4.94,1.4528000000000978,1744.0
NEG076_L9,NEG076,Kullu,32.0167,77.3333,0,9,6,177,1.9099999999999968,4.599999999999994,99.2,0.0800000000000054,0.0700000000000002,0.4,-1583969.46,98992.74,98.0,4.94,0.3220000000000009,1744.0
NEG077_L0,NEG077,Solan,30.9045,77.0967,0,0,7,183,-26.5,2.960000000000001,93.0,-0.0,-0.1499999999999914,1.6,-2474896.59,-98996.37,77.0,3.6,-0.4439999999999749,1460.0
NEG077_L3,NEG077,Solan,30.9045,77.0967,0,3,7,182,1.3100000000000025,9.36,93.0,-0.1499999999999914,-0.1999999999999886,1.6,-2177904.5,98994.81999999998,77.0,3.6,-1.8719999999998933,1460.0
NEG077_L6,NEG077,Solan,30.9045,77.0967,0,6,7,182,-21.82,14.630000000000004,93.0,-0.0499999999999971,0.0899999999999892,1.6,-1880914.98,-98999.02,77.0,3.6,1.3166999999998423,1460.0
NEG077_L9,NEG077,Solan,30.9045,77.0967,0,9,7,182,0.1999999999999957,-0.2200000000000059,93.0,0.1399999999999863,0.289999999999992,1.6,-1583935.66,98990.89999999998,77.0,3.6,-0.0637999999999999,1460.0
NEG078_L0,NEG078,Mandi,31.5333,77.15,0,0,7,191,-18.19,2.4000000000000057,97.0,0.0100000000000051,-0.1499999999999914,0.7,-2474914.74,-98987.76,100.0,4.91,-0.3599999999999804,2187.0
NEG078_L3,NEG078,Mandi,31.5333,77.15,0,3,7,190,2.009999999999991,9.939999999999998,97.0,-0.1599999999999966,-0.1599999999999966,0.7,-2177954.3000000003,99000.32,100.0,4.91,-1.5903999999999658,2187.0
NEG078_L6,NEG078,Mandi,31.5333,77.15,0,6,7,190,-21.53,17.36,96.0,-0.0,0.1200000000000045,0.7,-1880976.12,-98997.61,100.0,4.91,2.0832000000000788,2187.0
NEG078_L9,NEG078,Mandi,31.5333,77.15,0,9,7,190,0.1099999999999994,-0.4200000000000017,96.0,0.1200000000000045,0.2199999999999988,0.3,-1583986.19,98997.8,82.0,4.91,-0.0923999999999999,2187.0
NEG079_L0,NEG079,Chamba,32.5534,76.1258,0,0,6,153,-19.66,7.920000000000002,82.0,0.0400000000000062,-0.1199999999999903,0.5,-2474991.6900000004,-98999.99,93.0,4.92,-0.9503999999999236,924.0
NEG079_L3,NEG079,Chamba,32.5534,76.1258,0,3,6,152,-1.1999999999999955,-3.3599999999999994,82.0,-0.1599999999999966,-0.2199999999999988,0.5,-2177991.72,99000.0,93.0,4.92,0.7391999999999961,924.0
NEG079_L6,NEG079,Chamba,32.5534,76.1258,0,6,6,152,1.7800000000000011,20.92,82.0,-0.0600000000000022,-0.0300000000000011,0.5,-1880991.74,-98999.99,93.0,4.92,-0.6276000000000238,924.0
NEG079_L9,NEG079,Chamba,32.5534,76.1258,0,9,6,152,-0.129999999999999,-0.9200000000000016,82.0,0.0300000000000011,0.039999999999992,0.5,-1583991.77,99000.6,93.0,4.92,-0.0367999999999927,924.0
NEG080_L0,NEG080,Chamba,32.5534,76.1258,0,0,8,219,3.0,0.769999999999996,100.0,0.0700000000000073,0.0200000000000102,2.2,-2473330.100000001,-98839.31,100.0,4.77,0.0154000000000077,924.0
NEG080_L3,NEG080,Chamba,32.5534,76.1258,0,3,8,218,0.730000000000004,3.61,99.23,-0.0499999999999971,-0.0700000000000073,2.2,-2176751.51,98752.16,100.0,4.77,-0.2527000000000266,924.0
NEG080_L6,NEG080,Chamba,32.5534,76.1258,0,6,8,218,11.620000000000005,18.230000000000004,99.0,-0.0200000000000102,0.039999999999992,2.2,-1880313.23,-98813.86999999997,100.0,4.77,0.7291999999998551,924.0
NEG080_L9,NEG080,Chamba,32.5534,76.1258,0,9,8,218,4.280000000000001,8.409999999999997,99.0,0.0600000000000022,0.1500000000000056,2.2,-1583671.04,98979.81999999998,100.0,4.77,1.2615000000000474,924.0
NEG081_L0,NEG081,Shimla,31.452,77.633,0,0,7,182,14.0,1.4500000000000028,100.0,0.0099999999999909,-0.0900000000000034,1.9,-2474709.11,-98997.89999999998,100.0,5.58,-0.1305000000000052,941.0
NEG081_L3,NEG081,Shimla,31.452,77.633,0,3,6,181,2.069999999999993,11.700000000000005,98.55,-0.0999999999999943,-0.1400000000000005,0.5,-2177732.79,98983.79000000002,100.0,5.58,-1.638000000000007,941.0
NEG081_L6,NEG081,Shimla,31.452,77.633,0,6,6,181,9.849999999999994,21.64999999999999,96.78,-0.0400000000000062,0.0600000000000022,0.4,-1880773.4000000004,-98986.92,100.0,5.58,1.2990000000000488,941.0
NEG081_L9,NEG081,Shimla,31.452,77.633,0,9,6,181,2.990000000000002,8.36,96.78,0.1000000000000085,0.2000000000000028,0.4,-1583826.04,98973.94999999998,90.0,5.58,1.6720000000000237,941.0
NEG082_L0,NEG082,Solan,30.9045,77.0967,0,0,7,205,2.430000000000007,2.25,99.0,-0.0099999999999909,-0.1299999999999954,2.9,-2474123.98,-99000.81,100.0,2.93,-0.2924999999999897,1460.0
NEG082_L3,NEG082,Solan,30.9045,77.0967,0,3,7,204,0.2600000000000051,3.1200000000000045,99.0,-0.1200000000000045,-0.1800000000000068,2.9,-2177135.43,98972.83,100.0,2.93,-0.5616000000000221,1460.0
NEG082_L6,NEG082,Solan,30.9045,77.0967,0,6,7,204,10.060000000000002,13.659999999999997,99.0,-0.0600000000000022,0.0700000000000073,2.9,-1880179.9,-98976.29,100.0,2.93,0.9562000000001007,1460.0
NEG082_L9,NEG082,Solan,30.9045,77.0967,0,9,7,204,3.5800000000000125,5.740000000000009,99.0,0.1300000000000096,0.25,2.9,-1583212.01,98928.74,100.0,2.93,1.4350000000000025,1460.0
NEG083_L0,NEG083,Kullu,32.2432,77.1892,0,0,6,158,36.97,0.269999999999996,95.38,0.0900000000000034,-0.0,0.3,-2474943.16,-99000.16000000002,90.0,8.19,-0.0,1878.0
NEG083_L3,NEG083,Kullu,32.2432,77.1892,0,3,6,157,1.3200000000000074,4.030000000000001,95.38,-0.0900000000000034,-0.1300000000000025,0.3,-2177943.66,98997.42,90.0,8.19,-0.5239000000000105,1878.0
NEG083_L6,NEG083,Kullu,32.2432,77.1892,0,6,6,157,29.67,22.60000000000001,88.67,-0.0399999999999991,0.0200000000000031,0.3,-1880947.98,-98997.89999999998,90.0,8.19,0.4520000000000708,1878.0
NEG083_L9,NEG083,Kullu,32.2432,77.1892,0,9,6,157,1.3199999999999932,2.269999999999996,75.6,0.0600000000000022,0.1099999999999994,0.3,-1583963.66,98991.12,90.0,8.19,0.2496999999999982,1878.0
NEG084_L0,NEG084,Kullu,31.7667,77.3333,0,0,7,193,19.0,0.0,100.0,0.1099999999999994,0.0700000000000002,0.3,-2474984.08,-98995.02000000002,57.0,4.34,0.0,1872.0
NEG084_L3,NEG084,Kullu,31.7667,77.3333,0,3,7,192,0.0,6.799999999999997,100.0,-0.0399999999999991,-0.0500000000000042,0.3,-2177992.7,98999.97999999998,57.0,4.34,-0.3400000000000288,1872.0
NEG084_L6,NEG084,Kullu,31.7667,77.3333,0,6,7,192,25.200000000000003,23.210000000000008,93.2,-0.0100000000000051,0.0899999999999963,0.3,-1880995.58,-98999.59,57.0,4.34,2.088899999999915,1872.0
NEG084_L9,NEG084,Kullu,31.7667,77.3333,0,9,7,192,2.9799999999999898,11.059999999999995,92.61,0.1000000000000014,0.2000000000000028,0.3,-1583996.55,98999.69,44.0,4.34,2.2120000000000304,1872.0
NEG085_L0,NEG085,Kullu,32.15,77.15,0,0,6,153,7.990000000000002,6.490000000000002,61.99,-0.0099999999999909,-0.1299999999999954,0.5,-2474980.15,-98988.89,70.0,4.65,-0.8436999999999707,2054.0
NEG085_L3,NEG085,Kullu,32.15,77.15,0,3,6,152,8.0,7.93,57.42,-0.1200000000000045,-0.1099999999999994,0.5,-2177994.8800000004,98999.75,70.0,4.65,-0.8722999999999954,2054.0
NEG085_L6,NEG085,Kullu,32.15,77.15,0,6,6,152,11.57,25.86,57.42,0.0100000000000051,0.1499999999999914,0.5,-1880997.73,-98999.48,70.0,4.65,3.8789999999997793,2054.0
NEG085_L9,NEG085,Kullu,32.15,77.15,0,9,6,152,0.5300000000000011,0.2100000000000008,57.42,0.1399999999999863,0.2299999999999897,0.5,-1583998.55,98999.31,70.0,4.65,0.048299999999998,2054.0
NEG086_L0,NEG086,Kinnaur,31.4167,78.2667,0,0,8,215,7.0,0.269999999999996,100.0,0.0899999999999892,0.0499999999999971,1.3,-2474218.46,-98986.11,100.0,6.02,0.013499999999999,2612.0
NEG086_L3,NEG086,Kinnaur,31.4167,78.2667,0,3,8,214,0.2600000000000051,6.700000000000003,100.0,-0.039999999999992,-0.0699999999999931,1.3,-2177280.77,98975.02999999996,100.0,6.02,-0.4689999999999545,2612.0
NEG086_L6,NEG086,Kinnaur,31.4167,78.2667,0,6,8,214,18.03,18.56,100.0,-0.0300000000000011,0.0100000000000051,1.3,-1880359.86,-98983.55,100.0,6.02,0.1856000000000949,2612.0
NEG086_L9,NEG086,Kinnaur,31.4167,78.2667,0,9,8,214,1.5600000000000025,4.060000000000002,100.0,0.0400000000000062,0.0600000000000022,1.3,-1583438.41,98996.97999999998,100.0,6.02,0.2436000000000093,2612.0
NEG087_L0,NEG087,Kullu,32.0167,77.3333,0,0,7,188,9.930000000000009,-0.0699999999999931,100.0,0.0600000000000022,-0.0,0.0,-2475000.0,-99000.0,100.0,5.14,0.0,1744.0
NEG087_L3,NEG087,Kullu,32.0167,77.3333,0,3,7,187,0.519999999999996,8.819999999999993,100.0,-0.0600000000000022,-0.0700000000000002,0.0,-2178000.0,99000.0,100.0,5.14,-0.6174000000000021,1744.0
NEG087_L6,NEG087,Kullu,32.0167,77.3333,0,6,7,187,15.180000000000009,20.730000000000004,91.18,-0.009999999999998,0.0500000000000042,0.0,-1881000.0,-99000.0,100.0,5.14,1.0365000000000886,1744.0
NEG087_L9,NEG087,Kullu,32.0167,77.3333,0,9,7,187,3.180000000000007,13.35,89.37,0.0600000000000022,0.0399999999999991,0.0,-1584000.0,99000.0,100.0,5.14,0.5339999999999887,1744.0
NEG088_L0,NEG088,Kullu,32.1167,77.3333,0,0,8,232,4.480000000000004,-2.519999999999996,100.0,-0.0100000000000051,-0.1000000000000014,0.4,-2474095.9599999995,-98934.71999999996,100.0,4.22,0.2520000000000031,3324.0
NEG088_L3,NEG088,Kullu,32.1167,77.3333,0,3,8,231,0.0,2.3299999999999983,100.0,-0.0899999999999963,-0.1199999999999974,0.4,-2177476.34,98976.97000000002,100.0,4.22,-0.2795999999999938,3324.0
NEG088_L6,NEG088,Kullu,32.1167,77.3333,0,6,8,231,10.670000000000002,20.44,100.0,-0.0300000000000011,0.0799999999999983,0.4,-1880673.79,-98939.99000000002,100.0,4.22,1.635199999999965,3324.0
NEG088_L9,NEG088,Kullu,32.1167,77.3333,0,9,8,231,1.9200000000000017,4.990000000000009,100.0,0.1099999999999994,0.1499999999999985,0.4,-1583841.02,98973.17999999998,67.0,4.22,0.7484999999999943,3324.0
NEG089_L0,NEG089,Kinnaur,32.5,78.6,0,0,7,189,1.5699999999999932,3.919999999999988,100.0,0.0599999999999951,-0.0300000000000011,1.9,-2474768.78,-98999.66,100.0,8.56,-0.117600000000004,4443.0
NEG089_L3,NEG089,Kinnaur,32.5,78.6,0,3,7,188,1.9500000000000028,15.820000000000007,100.0,-0.0899999999999963,-0.1799999999999997,1.9,-2177773.74,98999.82000000002,100.0,8.56,-2.847599999999997,4443.0
NEG089_L6,NEG089,Kinnaur,32.5,78.6,0,6,7,188,29.83,20.84,100.0,-0.0900000000000034,-0.0700000000000002,1.9,-1880775.64,-99003.61,100.0,8.56,-1.4588000000000056,4443.0
NEG089_L9,NEG089,Kinnaur,32.5,78.6,0,9,7,188,2.5600000000000023,5.690000000000005,100.0,0.0200000000000031,0.1000000000000014,1.9,-1583788.91,98968.66,100.0,8.56,0.5690000000000086,4443.0
NEG090_L0,NEG090,Mandi,31.5333,77.15,0,0,7,189,-26.230000000000004,5.379999999999996,99.0,0.019999999999996,-0.1199999999999903,0.9,-2474997.45,-99000.0,74.0,5.65,-0.6455999999999474,2187.0
NEG090_L3,NEG090,Mandi,31.5333,77.15,0,3,7,188,-1.4299999999999926,1.2800000000000011,99.0,-0.1399999999999863,-0.1399999999999863,0.9,-2177997.45,99000.0,74.0,5.65,-0.1791999999999827,2187.0
NEG090_L6,NEG090,Mandi,31.5333,77.15,0,6,7,188,-26.89,20.05,98.0,-0.0,0.1299999999999954,0.9,-1880997.45,-99000.5,74.0,5.65,2.606499999999909,2187.0
NEG090_L9,NEG090,Mandi,31.5333,77.15,0,9,7,188,0.4600000000000008,0.75,95.0,0.1299999999999954,0.25,0.9,-1583997.9499999995,99000.49,74.0,5.65,0.1875,2187.0
NEG091_L0,NEG091,Kullu,32.0167,77.3333,0,0,6,160,51.92,4.480000000000004,100.0,0.1000000000000014,0.0899999999999963,0.0,-2475000.0,-99000.0,69.0,6.14,0.4031999999999838,1744.0
NEG091_L3,NEG091,Kullu,32.0167,77.3333,0,3,6,159,4.489999999999995,11.090000000000003,100.0,-0.0100000000000051,0.009999999999998,0.0,-2178000.0,99000.0,69.0,6.14,0.1108999999999779,1744.0
NEG091_L6,NEG091,Kullu,32.0167,77.3333,0,6,6,159,50.35,19.109999999999992,100.0,0.0200000000000031,0.0700000000000002,0.0,-1881000.0,-99000.0,69.0,6.14,1.337700000000005,1744.0
NEG091_L9,NEG091,Kullu,32.0167,77.3333,0,9,6,159,2.270000000000003,9.370000000000005,100.0,0.0499999999999971,0.0499999999999971,0.0,-1584000.0,99000.0,69.0,6.14,0.4684999999999736,1744.0
NEG092_L0,NEG092,Kullu,32.0167,77.3333,0,0,9,259,7.469999999999999,-0.730000000000004,100.0,0.1200000000000045,0.0600000000000022,5.7,-2474578.35,-98995.0,100.0,5.53,-0.0438000000000019,1744.0
NEG092_L3,NEG092,Kullu,32.0167,77.3333,0,3,9,258,-1.480000000000004,-2.799999999999997,100.0,-0.0600000000000022,-0.0800000000000054,5.7,-2177609.27,98977.99,100.0,5.53,0.2240000000000148,1744.0
NEG092_L6,NEG092,Kullu,32.0167,77.3333,0,6,9,258,21.0,15.659999999999997,100.0,-0.0200000000000031,0.0600000000000022,5.7,-1880662.16,-98977.61000000002,100.0,5.53,0.9396000000000354,1744.0
NEG092_L9,NEG092,Kullu,32.0167,77.3333,0,9,9,258,1.4300000000000068,3.4399999999999977,100.0,0.0800000000000054,0.1400000000000005,5.7,-1583738.29,98943.85,100.0,5.53,0.4816000000000016,1744.0
NEG093_L0,NEG093,Shimla,31.45,77.65,0,0,6,172,16.950000000000003,1.0300000000000011,99.95,0.0500000000000113,-0.059999999999988,1.0,-2474022.81,-99002.88999999998,100.0,4.52,-0.0617999999999877,1166.0
NEG093_L3,NEG093,Shimla,31.45,77.65,0,3,6,171,1.5900000000000034,8.760000000000005,98.92,-0.1099999999999994,-0.1600000000000108,1.0,-2177026.86,98954.27999999996,100.0,4.52,-1.4016000000000954,1166.0
NEG093_L6,NEG093,Shimla,31.45,77.65,0,6,6,171,30.16,19.14999999999999,98.52,-0.0500000000000113,0.0300000000000011,0.2,-1880097.18,-98980.62,73.0,4.52,0.5745000000000215,1166.0
NEG093_L9,NEG093,Shimla,31.45,77.65,0,9,6,171,4.060000000000002,12.620000000000005,98.52,0.0800000000000125,0.1400000000000005,0.2,-1583294.44,98865.66,73.0,4.52,1.766800000000008,1166.0
NEG094_L0,NEG094,Kullu,31.9578,77.1095,0,0,6,159,2.969999999999999,2.6499999999999986,62.72,0.0600000000000022,-0.0,0.0,-2474999.25,-99000.0,58.0,4.52,-0.0,1229.0
NEG094_L3,NEG094,Kullu,31.9578,77.1095,0,3,6,158,1.5399999999999991,4.590000000000003,62.72,-0.0600000000000022,-0.0699999999999931,0.0,-2177999.25,99000.0,58.0,4.52,-0.3212999999999689,1229.0
NEG094_L6,NEG094,Kullu,31.9578,77.1095,0,6,6,158,12.729999999999997,15.429999999999996,62.72,-0.0099999999999909,0.0799999999999983,0.0,-1880999.25,-99000.0,58.0,4.52,1.2343999999999733,1229.0
NEG094_L9,NEG094,Kullu,31.9578,77.1095,0,9,6,158,0.6099999999999994,1.1000000000000014,62.72,0.0899999999999892,0.1199999999999903,0.0,-1583999.25,99000.0,58.0,4.52,0.1319999999999895,1229.0
NEG095_L0,NEG095,Kinnaur,31.4167,78.2667,0,0,6,174,24.05,2.5,100.0,-0.0,-0.0999999999999943,0.1,-2474871.31,-98998.8,100.0,5.84,-0.2499999999999858,2612.0
NEG095_L3,NEG095,Kinnaur,31.4167,78.2667,0,3,6,173,3.489999999999995,13.739999999999997,100.0,-0.0999999999999943,-0.0899999999999892,0.1,-2177884.47,98987.4,100.0,5.84,-1.2365999999998512,2612.0
NEG095_L6,NEG095,Kinnaur,31.4167,78.2667,0,6,6,173,20.81,26.40000000000001,100.0,0.0100000000000051,0.0799999999999983,0.1,-1880915.31,-98988.63000000002,100.0,5.84,2.1119999999999552,2612.0
NEG095_L9,NEG095,Kinnaur,31.4167,78.2667,0,9,6,173,4.309999999999995,11.319999999999991,100.0,0.0699999999999931,0.1299999999999954,0.1,-1583956.9,98996.29000000002,100.0,5.84,1.4715999999999476,2612.0
NEG096_L0,NEG096,Mandi,31.79,76.96,0,0,9,251,-6.829999999999998,-8.310000000000002,99.66,0.0799999999999983,-0.0499999999999971,3.2,-2473481.9400000004,-98953.43000000002,100.0,3.71,0.4154999999999765,1472.0
NEG096_L3,NEG096,Mandi,31.79,76.96,0,3,9,250,-1.1799999999999926,-0.7800000000000011,99.66,-0.1299999999999954,-0.1599999999999966,3.2,-2176649.83,98984.58,100.0,3.71,0.1247999999999975,1472.0
NEG096_L6,NEG096,Mandi,31.79,76.96,0,6,9,250,4.260000000000005,11.460000000000008,99.26,-0.0300000000000011,0.0799999999999983,3.2,-1879744.05,-98986.52,100.0,3.71,0.9167999999999812,1472.0
NEG096_L9,NEG096,Mandi,31.79,76.96,0,9,9,250,5.049999999999997,12.159999999999997,92.0,0.1099999999999994,0.1700000000000017,3.2,-1582925.15,98710.07,100.0,3.71,2.06720000000002,1472.0
NEG097_L0,NEG097,Kullu,31.5333,77.6167,0,0,8,217,9.0,0.0,100.0,0.0799999999999983,-0.0300000000000011,1.8,-2474911.89,-98999.92,100.0,4.96,-0.0,3332.0
NEG097_L3,NEG097,Kullu,31.5333,77.6167,0,3,8,216,0.0,4.640000000000001,100.0,-0.1099999999999994,-0.1500000000000056,1.8,-2177912.63,98999.53,100.0,4.96,-0.6960000000000265,3332.0
NEG097_L6,NEG097,Kullu,31.5333,77.6167,0,6,8,216,2.3599999999999994,20.28,97.0,-0.0400000000000062,0.0899999999999892,1.8,-1880913.76,-99001.75,100.0,4.96,1.825199999999781,3332.0
NEG097_L9,NEG097,Kullu,31.5333,77.6167,0,9,8,216,2.539999999999992,4.769999999999996,97.0,0.1299999999999954,0.2399999999999948,1.8,-1583917.67,99001.74999999996,100.0,4.96,1.1447999999999747,3332.0
NEG098_L0,NEG098,Kinnaur,31.5796,78.2803,0,0,7,184,22.0,0.0,100.0,0.0099999999999909,-0.0800000000000125,2.4,-2474588.37,-98994.75,100.0,6.33,-0.0,2220.0
NEG098_L3,NEG098,Kinnaur,31.5796,78.2803,0,3,7,183,0.8199999999999932,4.25,100.0,-0.0900000000000034,-0.0600000000000022,2.4,-2177613.86,98983.19,100.0,6.33,-0.2550000000000096,2220.0
NEG098_L6,NEG098,Kinnaur,31.5796,78.2803,0,6,7,183,25.75,18.78,100.0,0.0300000000000011,0.1500000000000056,2.4,-1880654.11,-98986.97000000002,100.0,6.33,2.8170000000001068,2220.0
NEG098_L9,NEG098,Kinnaur,31.5796,78.2803,0,9,7,183,1.86,6.090000000000003,100.0,0.1200000000000045,0.1099999999999994,0.6,-1583716.54,98969.85,100.0,6.33,0.6698999999999969,2220.0
NEG099_L0,NEG099,Kullu,32.2432,77.1892,0,0,8,229,2.0,0.0,100.0,0.0499999999999971,-0.0,3.1,-2474109.8600000003,-98953.28,100.0,5.04,-0.0,1878.0
NEG099_L3,NEG099,Kullu,32.2432,77.1892,0,3,8,228,0.0,0.75,100.0,-0.0499999999999971,-0.1099999999999994,3.1,-2177287.46,98924.42,100.0,5.04,-0.0824999999999995,1878.0
NEG099_L6,NEG099,Kullu,32.2432,77.1892,0,6,8,228,11.25,15.170000000000002,99.25,-0.0600000000000022,-0.0,3.1,-1880501.62,-98933.32,100.0,5.04,-0.0,1878.0
NEG099_L9,NEG099,Kullu,32.2432,77.1892,0,9,8,228,2.75,6.450000000000003,97.29,0.0600000000000022,0.0899999999999963,3.1,-1583691.08,98964.88,100.0,5.04,0.5804999999999765,1878.0
NEG100_L0,NEG100,Kinnaur,32.5,78.6,0,0,9,245,-0.9099999999999966,1.75,99.0,0.0900000000000034,0.0200000000000031,1.9,-2473327.9199999995,-98927.02000000002,100.0,2.24,0.0350000000000054,4443.0
NEG100_L3,NEG100,Kinnaur,32.5,78.6,0,3,9,244,0.6500000000000057,4.3700000000000045,99.0,-0.0700000000000002,-0.1700000000000017,1.9,-2176525.28,98915.47,100.0,2.24,-0.7429000000000082,4443.0
NEG100_L6,NEG100,Kinnaur,32.5,78.6,0,6,9,244,-6.030000000000001,15.209999999999994,99.0,-0.1000000000000014,-0.0500000000000042,1.9,-1879759.19,-98925.4,100.0,2.24,-0.7605000000000646,4443.0
NEG100_L9,NEG100,Kinnaur,32.5,78.6,0,9,9,244,3.719999999999999,6.740000000000009,98.0,0.0499999999999971,0.1199999999999974,1.8,-1582968.85,98961.89,100.0,2.23,0.8087999999999839,4443.0
NEG101_L0,NEG101,Kangra,32.219,76.3234,0,0,8,240,2.9599999999999937,6.679999999999993,93.96,-0.0200000000000102,-0.1500000000000056,0.6,-2474611.27,-98949.07000000002,100.0,3.59,-1.0020000000000369,1316.0
NEG101_L3,NEG101,Kangra,32.219,76.3234,0,3,8,239,6.299999999999997,2.180000000000007,89.0,-0.1299999999999954,-0.1899999999999977,0.6,-2177704.18,98982.55,86.0,3.59,-0.4141999999999963,1316.0
NEG101_L6,NEG101,Kangra,32.219,76.3234,0,6,8,239,8.099999999999994,16.11,85.1,-0.0600000000000022,0.0999999999999943,0.6,-1880751.79,-98987.38000000002,86.0,3.59,1.6109999999999085,1316.0
NEG101_L9,NEG101,Kangra,32.219,76.3234,0,9,8,239,2.1099999999999994,3.969999999999999,81.0,0.1599999999999966,0.269999999999996,0.6,-1583812.21,98975.1,86.0,3.59,1.071899999999984,1316.0
NEG102_L0,NEG102,Kullu,32.0333,77.3333,0,0,9,248,3.61,-8.400000000000006,100.0,0.0300000000000011,-0.0500000000000042,0.8,-2474865.3800000004,-98996.93,64.0,3.9,0.4200000000000361,2398.0
NEG102_L3,NEG102,Kullu,32.0333,77.3333,0,3,9,247,-0.9299999999999926,-2.989999999999995,100.0,-0.0800000000000054,-0.1600000000000037,0.8,-2177879.11,98952.83,64.0,3.9,0.4784000000000102,2398.0
NEG102_L6,NEG102,Kullu,32.0333,77.3333,0,6,9,247,28.0,22.879999999999995,100.0,-0.0799999999999983,-0.019999999999996,0.8,-1880944.5,-98951.87,64.0,3.9,-0.4575999999999088,2398.0
NEG102_L9,NEG102,Kullu,32.0333,77.3333,0,9,9,247,4.050000000000011,13.980000000000004,96.48,0.0600000000000022,0.1300000000000025,0.8,-1583995.27,98999.48,64.0,3.9,1.8174000000000363,2398.0
NEG103_L0,NEG103,Shimla,31.45,77.65,0,0,7,198,11.0,0.0,100.0,0.0900000000000034,0.019999999999996,0.8,-2474886.24,-98998.45,100.0,4.68,0.0,1166.0
NEG103_L3,NEG103,Shimla,31.45,77.65,0,3,7,197,0.0400000000000062,8.189999999999998,100.0,-0.0700000000000073,-0.1300000000000096,0.7,-2177890.6899999995,98993.31000000004,100.0,4.68,-1.0647000000000788,1166.0
NEG103_L6,NEG103,Shimla,31.45,77.65,0,6,7,197,10.810000000000002,21.24000000000001,97.01,-0.0600000000000022,-0.0,0.7,-1880902.0800000003,-98994.64,100.0,4.68,-0.0,1166.0
NEG103_L9,NEG103,Shimla,31.45,77.65,0,9,7,197,3.919999999999988,5.529999999999987,97.01,0.0600000000000022,0.1800000000000068,0.6,-1583927.96,98985.96,96.0,4.68,0.9954000000000354,1166.0
NEG104_L0,NEG104,Kullu,32.2432,77.1892,0,0,7,184,1.0,0.0,100.0,-0.0500000000000042,-0.0300000000000011,2.3,-2473163.5500000003,-98936.16999999998,100.0,8.08,-0.0,1878.0
NEG104_L3,NEG104,Kullu,32.2432,77.1892,0,3,7,183,0.0,1.9000000000000057,100.0,0.0200000000000031,0.0700000000000002,2.3,-2176350.38,98976.44,100.0,8.08,0.1330000000000009,1878.0
NEG104_L6,NEG104,Kullu,32.2432,77.1892,0,6,7,183,-1.9000000000000057,19.08999999999999,100.0,0.0499999999999971,0.0899999999999963,1.8,-1879494.0600000003,-98983.54000000002,100.0,8.08,1.7180999999999285,1878.0
NEG104_L9,NEG104,Kullu,32.2432,77.1892,0,9,7,183,2.1700000000000017,4.570000000000007,100.0,0.0399999999999991,-0.009999999999998,1.8,-1582548.6800000002,98802.61999999997,100.0,8.08,-0.0456999999999909,1878.0
NEG105_L0,NEG105,Kullu,32.2432,77.1892,0,0,7,184,1.1299999999999957,9.100000000000009,96.23,0.1000000000000014,0.009999999999998,-98968.32,-2474665.4,-20.680000000051223,,5.71,0.0909999999999819,1878.0
NEG105_L3,NEG105,Kullu,32.2432,77.1892,0,3,7,183,7.970000000000013,24.91000000000001,96.23,-0.0900000000000034,-0.1700000000000017,-98968.32,-2177709.49,-24.38999999995576,,5.71,-4.2347000000000445,1878.0
NEG105_L6,NEG105,Kullu,32.2432,77.1892,0,6,7,183,16.939999999999998,24.599999999999994,96.23,-0.0799999999999983,-0.0600000000000022,-98968.32,-1880774.26,4.789999999979045,,5.71,-1.4760000000000555,1878.0
NEG105_L9,NEG105,Kullu,32.2432,77.1892,0,9,7,183,7.659999999999997,14.239999999999997,96.23,0.019999999999996,0.019999999999996,-98968.49,-1583863.42,57.570000000006985,,5.71,0.2847999999999432,1878.0
NEG106_L0,NEG106,Kinnaur,31.5796,78.2803,0,0,8,234,15.0,0.3700000000000045,100.0,0.0300000000000011,-0.0699999999999931,0.3,-2471187.83,-98573.09,100.0,4.67,-0.0258999999999977,2220.0
NEG106_L3,NEG106,Kinnaur,31.5796,78.2803,0,3,8,233,0.1899999999999977,1.7299999999999898,99.63,-0.0999999999999943,-0.0999999999999943,0.3,-2175209.76,98900.80999999998,100.0,4.67,-0.1729999999999891,2220.0
NEG106_L6,NEG106,Kinnaur,31.5796,78.2803,0,6,8,233,19.90000000000001,16.510000000000005,97.9,-0.0,0.1400000000000005,0.3,-1878807.11,-98870.21,100.0,4.67,2.31140000000001,2220.0
NEG106_L9,NEG106,Kinnaur,31.5796,78.2803,0,9,8,233,1.4300000000000068,1.4699999999999989,96.78,0.1400000000000005,0.1899999999999977,0.3,-1582148.34,98868.03,100.0,4.67,0.2792999999999964,2220.0
NEG107_L0,NEG107,Kinnaur,32.5,78.6,0,0,6,161,22.260000000000005,15.61,100.0,0.0799999999999983,0.0500000000000042,0.5,-2474998.9,-99000.0,100.0,7.33,0.7805000000000665,4443.0
NEG107_L3,NEG107,Kinnaur,32.5,78.6,0,3,6,160,5.1000000000000085,17.30000000000001,100.0,-0.029999999999994,-0.0499999999999971,0.5,-2177998.9,99000.0,100.0,7.33,-0.8649999999999514,4443.0
NEG107_L6,NEG107,Kinnaur,32.5,78.6,0,6,6,160,27.349999999999994,23.69,100.0,-0.0200000000000031,0.0499999999999971,0.5,-1880998.9,-99000.5,100.0,7.33,1.1844999999999326,4443.0
NEG107_L9,NEG107,Kinnaur,32.5,78.6,0,9,6,160,3.4099999999999966,8.709999999999994,100.0,0.0700000000000002,0.1400000000000005,0.3,-1583999.4,99000.4,100.0,7.33,1.219400000000004,4443.0
NEG108_L0,NEG108,Kullu,31.6333,77.35,0,0,7,184,0.9099999999999966,7.540000000000006,100.0,0.0100000000000051,-0.0100000000000051,-98792.21,-2473286.97,110.45999999996276,,5.02,-0.0754000000000386,1677.0
NEG108_L3,NEG108,Kullu,31.6333,77.35,0,3,7,183,6.63000000000001,27.960000000000008,100.0,-0.0200000000000102,-0.1099999999999994,-98812.55,-2176887.18,184.3400000000256,,5.02,-3.075599999999985,1677.0
NEG108_L6,NEG108,Kullu,31.6333,77.35,0,6,7,183,21.33,31.0,100.0,-0.0899999999999892,-0.0099999999999909,-98880.52,-1880376.93,111.45000000001164,,5.02,-0.309999999999718,1677.0
NEG108_L9,NEG108,Kullu,31.6333,77.35,0,9,7,183,9.669999999999996,6.670000000000002,100.0,0.0799999999999983,0.1499999999999914,-98921.81,-1583682.34,134.9299999999348,,5.02,1.000499999999943,1677.0
NEG109_L0,NEG109,Kullu,31.9578,77.1095,0,0,8,228,-8.349999999999994,-11.559999999999988,100.0,0.0100000000000051,-0.1500000000000056,1.2,-2474919.62,-98995.95000000004,100.0,5.31,1.734000000000064,1229.0
NEG109_L3,NEG109,Kullu,31.9578,77.1095,0,3,8,227,-1.5600000000000025,-1.0400000000000065,100.0,-0.1600000000000108,-0.2900000000000062,1.2,-2177930.29,98999.22,100.0,5.31,0.3016000000000083,1229.0
NEG109_L6,NEG109,Kullu,31.9578,77.1095,0,6,8,227,-2.75,13.090000000000003,100.0,-0.1299999999999954,-0.059999999999988,1.2,-1880935.91,-98999.94,100.0,5.31,-0.785399999999844,1229.0
NEG109_L9,NEG109,Kullu,31.9578,77.1095,0,9,8,227,3.030000000000001,5.390000000000001,100.0,0.0700000000000073,0.1500000000000056,0.4,-1583940.29,98999.0,100.0,5.31,0.8085000000000307,1229.0
NEG110_L0,NEG110,Mandi,31.708,76.9318,0,0,6,154,-9.200000000000005,10.049999999999995,93.0,0.0900000000000034,0.019999999999996,1.0,-2474485.9,-98998.05,96.0,3.97,0.2009999999999599,764.0
NEG110_L3,NEG110,Mandi,31.708,76.9318,0,3,6,153,-2.3700000000000045,-0.9099999999999966,93.0,-0.0700000000000073,-0.1000000000000085,1.0,-2177494.89,98990.71,96.0,3.97,0.0910000000000074,764.0
NEG110_L6,NEG110,Mandi,31.708,76.9318,0,6,6,153,-6.340000000000003,20.94,93.0,-0.0300000000000011,0.0900000000000034,1.0,-1880514.6,-98996.96999999996,96.0,3.97,1.884600000000071,764.0
NEG110_L9,NEG110,Mandi,31.708,76.9318,0,9,6,153,0.6599999999999966,0.1499999999999985,93.0,0.1200000000000045,0.2100000000000079,0.8,-1583534.87,98993.35,96.0,3.97,0.0315000000000008,764.0
NEG111_L0,NEG111,Kullu,32.0333,77.3333,0,0,7,208,8.0,0.0,100.0,0.019999999999996,-0.0400000000000062,2.7,-2474747.58,-98990.19,100.0,5.51,-0.0,2398.0
NEG111_L3,NEG111,Kullu,32.0333,77.3333,0,3,7,207,0.0,4.519999999999996,100.0,-0.0600000000000022,-0.0899999999999963,2.7,-2177770.1699999995,98989.97,100.0,5.51,-0.4067999999999829,2398.0
NEG111_L6,NEG111,Kullu,32.0333,77.3333,0,6,7,207,14.480000000000004,16.17,100.0,-0.029999999999994,-0.0,2.7,-1880791.54,-98992.91,100.0,5.51,-0.0,2398.0
NEG111_L9,NEG111,Kullu,32.0333,77.3333,0,9,7,207,1.1299999999999957,0.2999999999999971,100.0,0.029999999999994,0.0499999999999971,2.7,-1583843.83,98974.87,100.0,5.51,0.014999999999999,2398.0
NEG112_L0,NEG112,Mandi,31.708,76.9318,0,0,8,216,8.459999999999994,0.0,99.59,0.0100000000000051,-0.1299999999999954,0.2,-2474223.01,-98990.86,51.0,5.79,-0.0,764.0
NEG112_L3,NEG112,Mandi,31.708,76.9318,0,3,8,215,0.1999999999999886,3.219999999999999,99.46,-0.1400000000000005,-0.1899999999999977,0.2,-2177304.91,98969.99,51.0,5.79,-0.6117999999999925,764.0
NEG112_L6,NEG112,Mandi,31.708,76.9318,0,6,8,215,25.239999999999995,15.97999999999999,99.0,-0.0499999999999971,0.0400000000000062,0.2,-1880406.9,-98948.80000000002,51.0,5.79,0.6392000000000995,764.0
NEG112_L9,NEG112,Mandi,31.708,76.9318,0,9,8,215,2.690000000000012,3.620000000000005,99.0,0.0900000000000034,0.1599999999999966,0.2,-1583528.16,98950.71,51.0,5.79,0.5791999999999884,764.0
NEG113_L0,NEG113,Chamba,32.5534,76.1258,0,0,9,267,11.22,-3.6899999999999977,100.0,0.1099999999999994,0.0700000000000073,13.3,-2474590.4000000004,-98999.97,100.0,5.35,-0.2583000000000271,924.0
NEG113_L3,NEG113,Chamba,32.5534,76.1258,0,3,9,266,-0.0300000000000011,2.1199999999999903,100.0,-0.039999999999992,-0.1099999999999994,13.3,-2177590.55,98999.89,100.0,5.35,-0.2331999999999977,924.0
NEG113_L6,NEG113,Chamba,32.5534,76.1258,0,6,9,266,12.790000000000006,21.28,100.0,-0.0700000000000073,0.0499999999999971,13.3,-1880590.8000000005,-99000.33,100.0,5.35,1.0639999999999397,924.0
NEG113_L9,NEG113,Chamba,32.5534,76.1258,0,9,9,266,2.8299999999999983,5.27000000000001,100.0,0.1200000000000045,0.1400000000000005,13.3,-1583591.5100000002,98998.97000000002,100.0,5.35,0.7378000000000045,924.0
NEG114_L0,NEG114,Shimla,31.45,77.65,0,0,7,200,6.0,3.4599999999999937,100.0,0.0400000000000062,-0.039999999999992,0.9,-2474793.5800000005,-98977.73,100.0,5.25,-0.1383999999999722,1166.0
NEG114_L3,NEG114,Shimla,31.45,77.65,0,3,7,199,2.5700000000000074,13.800000000000011,96.66,-0.0799999999999983,-0.0400000000000062,0.5,-2177836.45,98998.63000000002,100.0,5.25,-0.5520000000000868,1166.0
NEG114_L6,NEG114,Shimla,31.45,77.65,0,6,7,199,7.739999999999995,21.44,96.66,0.039999999999992,0.1700000000000017,0.5,-1880851.06,-98997.72,100.0,5.25,3.644800000000036,1166.0
NEG114_L9,NEG114,Shimla,31.45,77.65,0,9,7,199,2.529999999999994,8.829999999999998,96.66,0.1300000000000096,0.2100000000000079,0.4,-1583855.92,98999.99,98.0,5.25,1.85430000000007,1166.0
NEG115_L0,NEG115,Kullu,31.5333,77.6167,0,0,8,235,12.0,0.0,100.0,0.019999999999996,-0.1299999999999954,3.5,-2474928.1,-98999.69,100.0,4.29,-0.0,3332.0
NEG115_L3,NEG115,Kullu,31.5333,77.6167,0,3,8,234,0.0,1.1700000000000017,100.0,-0.1499999999999914,-0.1699999999999875,3.5,-2177928.85,98999.88000000002,100.0,4.29,-0.1988999999999856,3332.0
NEG115_L6,NEG115,Kullu,31.5333,77.6167,0,6,8,234,9.829999999999998,20.590000000000003,98.83,-0.019999999999996,0.0699999999999931,3.5,-1880929.31,-99000.36000000002,100.0,4.29,1.4412999999998597,3332.0
NEG115_L9,NEG115,Kullu,31.5333,77.6167,0,9,8,234,0.539999999999992,1.7199999999999989,98.79,0.0899999999999892,0.1699999999999875,3.5,-1583930.15,99006.61,100.0,4.29,0.2923999999999783,3332.0
EV003_L0,EV003,Chamba,32.44381,76.5387,1,0,8,221,2.6599999999999966,-4.730000000000004,100.0,-0.0100000000000051,-0.1099999999999994,10.0,-2474367.25,-98998.07,100.0,3.18,0.5202999999999978,2127.0
EV003_L3,EV003,Chamba,32.44381,76.5387,1,3,8,220,-0.2199999999999988,3.3599999999999994,100.0,-0.0999999999999943,-0.1500000000000056,10.0,-2177371.92,98998.55999999998,100.0,3.18,-0.504000000000019,2127.0
EV003_L6,EV003,Chamba,32.44381,76.5387,1,6,8,220,12.03,17.629999999999995,100.0,-0.0500000000000113,0.059999999999988,10.0,-1880375.76,-99000.54999999996,100.0,3.18,1.0577999999997894,2127.0
EV003_L9,EV003,Chamba,32.44381,76.5387,1,9,8,220,3.1000000000000085,5.510000000000005,100.0,0.1099999999999994,0.2100000000000079,10.0,-1583392.49,98996.24,100.0,3.18,1.1571000000000449,2127.0
EV006_L0,EV006,Kullu,32.06661,77.26112,1,0,8,214,3.0,0.0,100.0,0.0899999999999963,0.0499999999999971,3.0,-2474422.1100000003,-98990.11000000002,100.0,5.28,0.0,2702.0
EV006_L3,EV006,Kullu,32.06661,77.26112,1,3,7,213,0.0,0.6400000000000006,100.0,-0.0399999999999991,0.0499999999999971,2.0,-2177491.76,99001.17,100.0,5.28,0.0319999999999982,2702.0
EV006_L6,EV006,Kullu,32.06661,77.26112,1,6,7,213,15.36,10.679999999999993,99.36,0.0899999999999963,0.2999999999999971,2.0,-1880541.63,-98999.52000000003,100.0,5.28,3.2039999999999678,2702.0
EV006_L9,EV006,Kullu,32.06661,77.26112,1,9,7,213,4.970000000000013,10.790000000000006,96.0,0.2100000000000008,0.2700000000000031,2.0,-1583612.47,98959.92000000004,100.0,5.28,2.9133000000000355,2702.0
EV009_L0,EV009,Kullu,31.7672,77.30216,1,0,6,176,9.0,0.0,100.0,0.0899999999999963,-0.0200000000000031,0.5,-2474815.84,-98991.95,100.0,4.82,-0.0,1329.0
EV009_L3,EV009,Kullu,31.7672,77.30216,1,3,6,175,0.0,6.200000000000003,100.0,-0.1099999999999994,-0.1499999999999985,0.5,-2177843.67,98990.13,100.0,4.82,-0.9299999999999916,1329.0
EV009_L6,EV009,Kullu,31.7672,77.30216,1,6,6,175,7.799999999999997,23.41,100.0,-0.0399999999999991,-0.0499999999999971,0.5,-1880874.56,-98990.49000000002,100.0,4.82,-1.1704999999999333,1329.0
EV009_L9,EV009,Kullu,31.7672,77.30216,1,9,6,175,2.2099999999999937,6.079999999999998,100.0,-0.009999999999998,0.0200000000000031,0.5,-1583906.91,98988.02999999996,100.0,4.82,0.1216000000000189,1329.0
EV011_L0,EV011,Mandi,31.55929,77.16515,1,0,6,181,2.8100000000000023,2.049999999999997,99.0,0.0699999999999931,-0.0799999999999983,1.5,-2470105.12,-98488.85000000002,100.0,3.43,-0.1639999999999963,1927.0
EV011_L3,EV011,Mandi,31.55929,77.16515,1,3,6,180,0.5100000000000051,3.640000000000001,99.0,-0.1499999999999914,-0.1199999999999903,1.5,-2174198.77,98997.44,100.0,3.43,-0.4367999999999649,1927.0
EV011_L6,EV011,Mandi,31.55929,77.16515,1,6,6,180,-5.879999999999996,15.189999999999998,99.0,0.0300000000000011,0.1499999999999914,1.5,-1877562.15,-98981.50000000004,100.0,3.43,2.27849999999987,1927.0
EV011_L9,EV011,Mandi,31.55929,77.16515,1,9,6,180,0.7900000000000063,-0.9499999999999886,96.95,0.1199999999999903,0.2099999999999937,1.5,-1580659.87,98988.14,100.0,3.43,-0.1994999999999916,1927.0
EV012_L0,EV012,Mandi,31.71194,76.93273,1,0,7,209,2.9200000000000017,0.1800000000000068,99.0,0.1000000000000085,-0.019999999999996,1.3,-2473755.2300000004,-98981.66,100.0,5.49,-0.0035999999999994,729.0
EV012_L3,EV012,Mandi,31.71194,76.93273,1,3,7,208,0.0499999999999971,0.9799999999999898,99.0,-0.1200000000000045,-0.1500000000000056,1.3,-2176820.11,98950.18,100.0,5.49,-0.147000000000004,729.0
EV012_L6,EV012,Mandi,31.71194,76.93273,1,6,7,208,9.760000000000003,6.320000000000007,99.0,-0.0300000000000011,0.1000000000000085,1.3,-1879931.09,-98955.97,100.0,5.49,0.6320000000000546,729.0
EV012_L9,EV012,Mandi,31.71194,76.93273,1,9,7,208,1.8499999999999943,5.3700000000000045,99.0,0.1300000000000096,0.2600000000000051,1.3,-1583140.64,98928.32,100.0,5.49,1.3962000000000288,729.0
EV013_L0,EV013,Shimla,31.39798,77.70183,1,0,8,218,5.0,0.0,100.0,-0.0799999999999983,-0.1099999999999994,1.5,-2472055.76,-98894.39,100.0,7.55,-0.0,1302.0
EV013_L3,EV013,Shimla,31.39798,77.70183,1,3,8,217,0.0,0.0,100.0,-0.0300000000000011,-0.0900000000000034,1.5,-2175448.53,98850.05999999998,100.0,7.55,-0.0,1302.0
EV013_L6,EV013,Shimla,31.39798,77.70183,1,6,8,217,2.0,9.519999999999996,100.0,-0.0600000000000022,0.0300000000000011,1.5,-1878932.49,-98899.40000000004,100.0,7.55,0.2856000000000107,1302.0
EV013_L9,EV013,Shimla,31.39798,77.70183,1,9,8,217,-0.4399999999999977,-1.4099999999999966,100.0,0.0900000000000034,0.1600000000000108,1.4,-1582270.47,98865.63,100.0,7.55,-0.2256000000000146,1302.0
EV014_L0,EV014,Shimla,31.30471,77.58377,1,0,8,224,0.0,0.0,100.0,0.0799999999999983,0.0499999999999971,1.6,-2472983.05,-99006.76,100.0,4.36,0.0,2347.0
EV014_L3,EV014,Shimla,31.30471,77.58377,1,3,8,223,0.0,0.6400000000000006,100.0,-0.0300000000000011,-0.0699999999999931,1.6,-2176292.69,98930.89,100.0,4.36,-0.0447999999999956,2347.0
EV014_L6,EV014,Shimla,31.30471,77.58377,1,6,8,223,7.359999999999999,7.620000000000003,100.0,-0.039999999999992,0.0700000000000073,1.1,-1879559.38,-98944.28000000004,100.0,4.36,0.5334000000000566,2347.0
EV014_L9,EV014,Shimla,31.30471,77.58377,1,9,8,223,0.3699999999999903,1.8699999999999903,100.0,0.1099999999999994,0.1599999999999966,1.1,-1582882.98,98885.9,100.0,4.36,0.2991999999999921,2347.0
EV016_L0,EV016,Bilaspur,31.33027,76.75663,1,0,9,257,-2.969999999999999,-3.030000000000001,99.0,0.0500000000000113,-0.0699999999999931,1.8,-2473994.38,-98913.96,87.0,4.42,0.2120999999999794,506.0
EV016_L3,EV016,Bilaspur,31.33027,76.75663,1,3,9,256,-0.6200000000000045,-0.0699999999999931,99.0,-0.1200000000000045,-0.1099999999999994,1.8,-2177198.86,98986.33,87.0,4.42,0.0076999999999992,506.0
EV016_L6,EV016,Bilaspur,31.33027,76.75663,1,6,9,256,7.129999999999996,9.849999999999994,99.0,0.0100000000000051,0.1799999999999926,1.8,-1880308.45,-98973.39,87.0,4.42,1.7729999999999262,506.0
EV016_L9,EV016,Bilaspur,31.33027,76.75663,1,9,9,256,1.4200000000000017,2.1099999999999994,99.0,0.1699999999999875,0.269999999999996,1.8,-1583437.7399999998,98910.04,79.0,4.42,0.5696999999999914,506.0
EV001_L0,EV001,Kinnaur,31.7667,78.5833,1,0,8,221,-17.04,8.54,85.0,0.00999999999999801,-0.0799999999999983,2.6,10.66,-2.17,100.0,5.19,-0.6831999999999854,2994.0
EV001_L3,EV001,Kinnaur,31.7667,78.5833,1,3,8,220,2.289999999999999,2.710000000000001,81.73,-0.0899999999999963,-0.10000000000000142,1.2,6.449999999999999,0.25,100.0,5.19,-0.27100000000000396,2994.0
EV001_L6,EV001,Kinnaur,31.7667,78.5833,1,6,8,220,-16.29,13.730000000000004,81.73,-0.010000000000005116,0.10999999999999943,1.2,5.9,-2.2099999999999995,100.0,5.19,1.5102999999999926,2994.0
EV001_L9,EV001,Kinnaur,31.7667,78.5833,1,9,8,220,-1.2800000000000011,-3.3400000000000034,81.73,0.12000000000000455,0.21000000000000085,0.8,3.41,0.84,100.0,5.19,-0.7014000000000036,2994.0
EV007_L0,EV007,Shimla,31.45,77.63,1,0,8,214,3.0,0.5100000000000051,100.0,0.25,0.14000000000000057,6.6,-2474154.2199999997,-99006.25000000003,100.0,6.09,0.071400000000001,944.0
EV007_L3,EV007,Shimla,31.45,77.63,1,3,7,213,-0.030000000000001137,1.039999999999992,99.52,-0.10999999999999943,-0.04999999999999716,3.4,-2177217.8099999996,98954.18000000001,100.0,6.09,-0.051999999999996646,944.0
EV007_L6,EV007,Shimla,31.45,77.63,1,6,7,213,5.450000000000003,18.760000000000005,98.45,0.060000000000002274,0.27000000000001023,3.4,-1880333.33,-98965.39999999998,100.0,6.09,5.0652000000001935,944.0
EV007_L9,EV007,Shimla,31.45,77.63,1,9,7,213,5.170000000000002,9.090000000000003,97.0,0.21000000000000796,0.3100000000000023,1.4,-1583568.31,98945.23999999999,100.0,6.09,2.8179000000000216,944.0
EV015_L0,EV015,Kinnaur,31.7667,78.5833,1,0,8,224,8.790000000000006,3.8200000000000074,96.05,0.030000000000001137,0.05000000000000426,0.9,-2474325.43,-98971.92000000001,100.0,2.85,0.19100000000001666,2994.0
EV015_L3,EV015,Kinnaur,31.7667,78.5833,1,3,8,223,3.719999999999999,11.799999999999997,96.05,0.020000000000003126,-0.04999999999999716,0.9,-2177409.71,98995.43000000002,100.0,2.85,-0.5899999999999663,2994.0
EV015_L6,EV015,Kinnaur,31.7667,78.5833,1,6,8,223,21.17,28.25,96.05,-0.07000000000000028,-0.0,0.9,-1880435.1200000003,-99011.18999999999,100.0,2.85,-0.0,2994.0
EV015_L9,EV015,Kinnaur,31.7667,78.5833,1,9,8,223,5.630000000000003,8.620000000000005,96.05,0.07000000000000028,0.19999999999999574,0.9,-1583561.4700000002,98946.68999999999,100.0,2.85,1.7239999999999642,2994.0
